id,family,text,set,k,scoring,headline,budget,table_rows,text_matches,bitmap_members,eligible_matches,translation_setup_ms,n,p50_ms,p95_ms,p99_ms,server_ms,server_planning_ms,first_row_ms,returned,returned_min,returned_max,underfilled_observations,shared_hits,shared_reads,local_hits,local_reads,temp_reads,temp_writes,rows_removed,tin_output_rows,candidate_filter,classification,providers,plan
q0000,native,rare,clustered_0.5,30,full,True,,100000,486,50000,486,,5000,15.385625000000001,19.21662325000001,102.19795809000003,0.268,0.234,0.134,30,30,30,0,35,0,0,0,0,0,0,30.0,,N/A,Limit | Projector | Text Search Scan,plans/q0000.json
q0001,scalar,rare,clustered_0.5,30,full,True,,100000,486,50000,231,,5000,15.171,18.317306600000002,20.847321750000006,0.295,0.277,0.157,30,30,30,0,95,0,0,0,0,0,0,30.0,Parent Projector,P5,Limit | Projector | Projector | Text Search Scan,plans/q0001.json
q0002,bitmap,rare,clustered_0.5,30,full,True,,100000,486,50000,231,,5000,18.027,21.1313423,24.178837170000005,2.349,0.277,2.235,30,30,30,0,2118,0,0,0,0,0,255,486.0,,P1,Limit | Sort | Nested Loop | Seq Scan | Projector | Projector | Text Search Scan,plans/q0002.json
q0003,enumeration,rare,clustered_0.5,30,full,True,,100000,486,50000,231,,5000,26.847437,29.9300226,32.48601542000001,14.431,0.469,14.261,30,30,30,0,453,0,0,0,0,0,0,486.0,,P1,Limit | ProjectSet | Seq Scan | Sort | Hash Join | CTE Scan | Hash | Projector | Text Search Scan,plans/q0003.json
q0004,native,medium,clustered_0.5,30,full,True,,100000,20079,50000,20079,,5000,15.930313,18.9978083,24.168581910000032,0.242,0.258,0.114,30,30,30,0,34,0,0,0,0,0,0,30.0,,N/A,Limit | Projector | Text Search Scan,plans/q0004.json
q0005,scalar,medium,clustered_0.5,30,full,True,,100000,20079,50000,10091,,5000,15.825625,20.760299400000008,25.586162920000024,0.277,0.288,0.139,30,30,30,0,71,0,0,0,0,0,0,30.0,Parent Projector,P5,Limit | Projector | Projector | Text Search Scan,plans/q0005.json
q0006,bitmap,medium,clustered_0.5,30,full,True,,100000,20079,50000,10091,,5000,87.72256300000001,97.15632325,111.13455417000003,74.585,0.356,74.232,30,30,30,0,63780,0,0,0,0,0,9988,20079.0,,P1,Limit | Sort | Nested Loop | Seq Scan | Projector | Projector | Text Search Scan,plans/q0006.json
q0007,enumeration,medium,clustered_0.5,30,full,True,,100000,20079,50000,10091,,5000,40.8117295,44.973095199999996,50.715437170000015,32.994,0.52,32.605,30,30,30,0,2370,0,0,0,0,0,0,20079.0,,P1,Limit | ProjectSet | Seq Scan | Sort | Hash Join | CTE Scan | Hash | Projector | Text Search Scan,plans/q0007.json
q0008,native,broad,clustered_0.5,30,full,True,,100000,79835,50000,79835,,5000,15.5124795,18.39594165,21.009428420000056,0.316,0.268,0.191,30,30,30,0,36,0,0,0,0,0,0,30.0,,N/A,Limit | Projector | Text Search Scan,plans/q0008.json
q0009,scalar,broad,clustered_0.5,30,full,True,,100000,79835,50000,39914,,5000,16.172125,19.3878622,22.771834170000005,0.295,0.296,0.15,30,30,30,0,74,0,0,0,0,0,0,30.0,Parent Projector,P5,Limit | Projector | Projector | Text Search Scan,plans/q0009.json
q0010,bitmap,broad,clustered_0.5,30,full,True,,100000,79835,50000,39914,,5000,286.361625,317.4448976,371.96104649000023,281.436,0.322,281.125,30,30,30,0,243064,0,0,0,0,0,39921,79835.0,,P1,Limit | Sort | Nested Loop | Seq Scan | Projector | Projector | Text Search Scan,plans/q0010.json
q0011,enumeration,broad,clustered_0.5,30,full,True,,100000,79835,50000,39914,,5000,627.9921664999999,692.9964771,718.698123,629.019,0.429,628.634,30,30,30,0,705993,0,0,0,0,0,0,40000.0,,P3,Limit | ProjectSet | Seq Scan | Sort | Nested Loop | CTE Scan | Projector | Projector | Conjunction Scan | Text Search Scan | Index TID Probe,plans/q0011.json
q0012,native,broad,clustered_0.1,30,full,True,,100000,79835,10000,79835,,5000,15.8095625,19.115031250000005,22.248005830000004,0.272,0.26,0.142,30,30,30,0,36,0,0,0,0,0,0,30.0,,N/A,Limit | Projector | Text Search Scan,plans/q0012.json
q0013,scalar,broad,clustered_0.1,30,full,True,,100000,79835,10000,8015,,5000,16.3607915,19.905037500000002,23.14835167000001,0.308,0.266,0.147,30,30,30,0,74,0,0,0,0,0,0,30.0,Parent Projector,P5,Limit | Projector | Projector | Text Search Scan,plans/q0013.json
q0014,bitmap,broad,clustered_0.1,30,full,True,,100000,79835,10000,8015,,5000,261.5713335,271.4163997,314.8979442500001,249.82,0.321,249.672,30,30,30,0,242120,0,0,0,0,0,71820,79835.0,,P1,Limit | Sort | Nested Loop | Seq Scan | Projector | Projector | Text Search Scan,plans/q0014.json
q0015,enumeration,broad,clustered_0.1,30,full,True,,100000,79835,10000,8015,,5000,130.41375,135.21091075,142.57046116000004,120.637,0.492,120.444,30,30,30,0,108101,0,0,0,0,0,0,8000.0,,P3,Limit | ProjectSet | Seq Scan | Sort | Nested Loop | CTE Scan | Projector | Projector | Conjunction Scan | Text Search Scan | Index TID Probe,plans/q0015.json
q0016,native,broad,clustered_0.01,30,full,True,,100000,79835,1000,79835,,5000,15.909146,19.8426806,24.758039080000003,0.255,0.211,0.134,30,30,30,0,36,0,0,0,0,0,0,30.0,,N/A,Limit | Projector | Text Search Scan,plans/q0016.json
q0017,scalar,broad,clustered_0.01,30,full,True,,100000,79835,1000,796,,5000,16.088188,18.813457700000004,21.79658533000004,0.917,0.384,0.809,30,30,30,0,43,0,0,0,0,0,0,796.0,,P3,Limit | Sort | Projector | Conjunction Scan | Text Search Scan | Index TID Probe,plans/q0017.json
q0018,bitmap,broad,clustered_0.01,30,full,True,,100000,79835,1000,796,,5000,194.805354,201.1451083,209.55711741000002,182.813,0.387,182.654,30,30,30,0,162076,0,0,0,0,0,79039,79835.0,,P1,Limit | Sort | Nested Loop | Seq Scan | Projector | Projector | Text Search Scan,plans/q0018.json
q0019,enumeration,broad,clustered_0.01,30,full,True,,100000,79835,1000,796,,5000,27.610542000000002,29.9568851,32.98586500000001,11.777,0.552,11.604,30,30,30,0,10786,0,0,0,0,0,0,800.0,,P3,Limit | ProjectSet | Seq Scan | Sort | Nested Loop | CTE Scan | Projector | Projector | Conjunction Scan | Text Search Scan | Index TID Probe,plans/q0019.json
q0020,native,broad,clustered_0.001,30,full,True,,100000,79835,100,79835,,5000,15.430270499999999,17.92616875,20.040266250000037,0.289,0.279,0.147,30,30,30,0,36,0,0,0,0,0,0,30.0,,N/A,Limit | Projector | Text Search Scan,plans/q0020.json
q0021,scalar,broad,clustered_0.001,30,full,True,,100000,79835,100,80,,5000,15.5735835,18.9408253,21.50946417000001,0.266,0.336,0.169,30,30,30,0,20,0,0,0,0,0,0,80.0,,P3,Limit | Sort | Projector | Conjunction Scan | Text Search Scan | Index TID Probe,plans/q0021.json
q0022,bitmap,broad,clustered_0.001,30,full,True,,100000,79835,100,80,,5000,47.660541499999994,50.535725000000006,55.0861065,35.38,0.266,35.259,30,30,30,0,2385,0,0,0,0,0,79755,79835.0,,P1,Limit | Sort | Nested Loop | Seq Scan | Projector | Projector | Text Search Scan,plans/q0022.json
q0023,enumeration,broad,clustered_0.001,30,full,True,,100000,79835,100,80,,5000,17.982291500000002,19.972437499999998,22.973761340000006,1.528,0.4,1.402,30,30,30,0,1088,0,0,0,0,0,0,80.0,,P3,Limit | ProjectSet | Seq Scan | Sort | Nested Loop | CTE Scan | Projector | Projector | Conjunction Scan | Text Search Scan | Index TID Probe,plans/q0023.json
q0024,bitmap,rare,random_1,30,default,False,,100000,486,100000,486,,100,18.6372705,21.3422274,21.545175420000003,3.184,0.378,3.054,30,30,30,0,2833,0,0,0,0,0,0,486.0,,P1,Limit | Sort | Nested Loop | Seq Scan | Projector | Projector | Text Search Scan,plans/q0024.json
q0025,enumeration,rare,random_1,30,default,False,,100000,486,100000,486,,100,36.371479,40.736141999999994,44.718945,28.167,0.483,27.988,30,30,30,0,454,0,0,0,0,0,0,486.0,,P1,Limit | ProjectSet | Seq Scan | Sort | Hash Join | CTE Scan | Hash | Projector | Text Search Scan,plans/q0025.json
q0026,subquery,rare,random_1,30,default,False,,100000,486,100000,486,,100,18.001479,21.9968202,24.38165982,3.338,0.379,3.201,30,30,30,0,2833,0,0,0,0,0,0,486.0,,P5,Limit | Seq Scan | Sort | Projector | Projector | Text Search Scan,plans/q0026.json
q0027,count_bitmap,rare,random_1,30,default,False,,100000,486,100000,486,,100,17.9997705,20.997437199999997,23.672434820000003,2.529,0.392,2.422,486,486,486,0,2390,0,0,0,0,0,0,486.0,,P1,Aggregate | Nested Loop | Seq Scan | TID Materializer | Text Search Scan,plans/q0027.json
q0028,bitmap,rare,random_0.75,30,default,False,,100000,486,75000,365,,100,18.2037085,22.108425349999994,28.659077420000006,3.064,0.37,2.911,30,30,30,0,2731,0,0,0,0,0,121,486.0,,P1,Limit | Sort | Nested Loop | Seq Scan | Projector | Projector | Text Search Scan,plans/q0028.json
q0029,enumeration,rare,random_0.75,30,default,False,,100000,486,75000,365,,100,30.637813,34.47271285,36.95002551000002,21.275,0.427,21.081,30,30,30,0,454,0,0,0,0,0,0,486.0,,P1,Limit | ProjectSet | Seq Scan | Sort | Hash Join | CTE Scan | Hash | Projector | Text Search Scan,plans/q0029.json
q0030,subquery,rare,random_0.75,30,default,False,,100000,486,75000,365,,100,18.885979,21.0705021,22.94338717,2.992,0.394,2.857,30,30,30,0,2731,0,0,0,0,0,121,486.0,,P5,Limit | Seq Scan | Sort | Projector | Projector | Text Search Scan,plans/q0030.json
q0031,count_bitmap,rare,random_0.75,30,default,False,,100000,486,75000,365,,100,18.812041999999998,20.635824999999997,24.90431916,2.395,0.318,2.302,365,365,365,0,2390,0,0,0,0,0,121,486.0,,P1,Aggregate | Nested Loop | Seq Scan | TID Materializer | Text Search Scan,plans/q0031.json
q0032,bitmap,rare,random_0.5,30,default,False,,100000,486,50000,244,,100,18.5194375,23.97717565,28.53601792000001,2.957,0.359,2.826,30,30,30,0,2631,0,0,0,0,0,242,486.0,,P1,Limit | Sort | Nested Loop | Seq Scan | Projector | Projector | Text Search Scan,plans/q0032.json
q0033,enumeration,rare,random_0.5,30,default,False,,100000,486,50000,244,,100,26.74525,30.34792705,32.295267920000015,14.615,0.468,14.43,30,30,30,0,454,0,0,0,0,0,0,486.0,,P1,Limit | ProjectSet | Seq Scan | Sort | Hash Join | CTE Scan | Hash | Projector | Text Search Scan,plans/q0033.json
q0034,subquery,rare,random_0.5,30,default,False,,100000,486,50000,244,,100,18.956875,21.5826077,23.08512083,2.906,0.379,2.768,30,30,30,0,2631,0,0,0,0,0,242,486.0,,P5,Limit | Seq Scan | Sort | Projector | Projector | Text Search Scan,plans/q0034.json
q0035,count_bitmap,rare,random_0.5,30,default,False,,100000,486,50000,244,,100,18.1520625,23.0349854,25.38412441000003,2.341,0.35,2.249,244,244,244,0,2390,0,0,0,0,0,242,486.0,,P1,Aggregate | Nested Loop | Seq Scan | TID Materializer | Text Search Scan,plans/q0035.json
q0036,bitmap,rare,random_0.25,30,default,False,,100000,486,25000,126,,100,18.479750000000003,21.7534482,24.03672458,2.769,0.387,2.636,30,30,30,0,2518,0,0,0,0,0,360,486.0,,P1,Limit | Sort | Nested Loop | Seq Scan | Projector | Projector | Text Search Scan,plans/q0036.json
q0037,enumeration,rare,random_0.25,30,default,False,,100000,486,25000,126,,100,21.4683545,24.906953549999997,25.378280330000013,7.904,0.402,7.728,30,30,30,0,454,0,0,0,0,0,0,486.0,,P1,Limit | ProjectSet | Seq Scan | Sort | Hash Join | CTE Scan | Hash | Projector | Text Search Scan,plans/q0037.json
q0038,subquery,rare,random_0.25,30,default,False,,100000,486,25000,126,,100,18.1958335,23.141455949999997,26.473200000000006,2.753,0.319,2.609,30,30,30,0,2518,0,0,0,0,0,360,486.0,,P5,Limit | Seq Scan | Sort | Projector | Projector | Text Search Scan,plans/q0038.json
q0039,count_bitmap,rare,random_0.25,30,default,False,,100000,486,25000,126,,100,18.067771,22.437191,23.188480660000003,2.353,0.338,2.253,126,126,126,0,2390,0,0,0,0,0,360,486.0,,P1,Aggregate | Nested Loop | Seq Scan | TID Materializer | Text Search Scan,plans/q0039.json
q0040,bitmap,rare,random_0.1,30,default,False,,100000,486,10000,38,,100,18.7727495,22.3191524,24.338058990000007,2.485,0.416,2.353,30,30,30,0,1946,0,0,0,0,0,448,486.0,,P1,Limit | Sort | Nested Loop | Seq Scan | Projector | Projector | Text Search Scan,plans/q0040.json
q0041,enumeration,rare,random_0.1,30,default,False,,100000,486,10000,38,,100,18.3822915,21.612114599999998,24.775054160000014,3.751,0.461,3.583,30,30,30,0,453,0,0,0,0,0,0,486.0,,P1,Limit | ProjectSet | Seq Scan | Sort | Hash Join | CTE Scan | Hash | Projector | Text Search Scan,plans/q0041.json
q0042,subquery,rare,random_0.1,30,default,False,,100000,486,10000,38,,100,18.7915415,20.1416229,20.982651080000007,2.557,0.294,2.447,30,30,30,0,1946,0,0,0,0,0,448,486.0,,P5,Limit | Seq Scan | Sort | Projector | Projector | Text Search Scan,plans/q0042.json
q0043,count_bitmap,rare,random_0.1,30,default,False,,100000,486,10000,38,,100,17.9902705,20.329780949999996,21.207703420000023,2.221,0.34,2.121,38,38,38,0,1904,0,0,0,0,0,448,486.0,,P1,Aggregate | Nested Loop | Seq Scan | TID Materializer | Text Search Scan,plans/q0043.json
q0044,bitmap,rare,random_0.05,30,default,False,,100000,486,5000,18,,100,17.8205,19.777042,21.809450830000014,2.061,0.302,1.957,18,18,18,0,1926,0,0,0,0,0,468,486.0,,P1,Limit | Sort | Nested Loop | Seq Scan | Projector | Projector | Text Search Scan,plans/q0044.json
q0045,enumeration,rare,random_0.05,30,default,False,,100000,486,5000,18,,100,17.853604,20.88672115,21.553704670000002,2.287,0.425,2.156,18,18,18,0,453,0,0,0,0,0,0,486.0,,P1,Limit | ProjectSet | Seq Scan | Sort | Hash Join | CTE Scan | Hash | Projector | Text Search Scan,plans/q0045.json
q0046,subquery,rare,random_0.05,30,default,False,,100000,486,5000,18,,100,18.324541500000002,21.19803365,23.48323100000002,2.365,0.291,2.251,18,18,18,0,1926,0,0,0,0,0,468,486.0,,P5,Limit | Seq Scan | Sort | Projector | Projector | Text Search Scan,plans/q0046.json
q0047,count_bitmap,rare,random_0.05,30,default,False,,100000,486,5000,18,,100,17.021167,20.86545,22.038280080000003,1.96,0.249,1.885,18,18,18,0,1904,0,0,0,0,0,468,486.0,,P1,Aggregate | Nested Loop | Seq Scan | TID Materializer | Text Search Scan,plans/q0047.json
q0048,bitmap,rare,random_0.01,30,default,False,,100000,486,1000,6,,100,17.6055205,20.990299999999998,24.00937268000001,1.898,0.396,1.725,6,6,6,0,1428,0,0,0,0,0,480,486.0,,P1,Limit | Sort | Nested Loop | Seq Scan | Projector | Projector | Text Search Scan,plans/q0048.json
q0049,enumeration,rare,random_0.01,30,default,False,,100000,486,1000,6,,100,16.6321455,19.18058125,21.052593660000003,1.217,0.404,1.093,6,6,6,0,452,0,0,0,0,0,0,486.0,,P1,Limit | ProjectSet | Seq Scan | Sort | Hash Join | CTE Scan | Hash | Projector | Text Search Scan,plans/q0049.json
q0050,subquery,rare,random_0.01,30,default,False,,100000,486,1000,6,,100,17.881771,21.033225,21.850747830000003,1.61,0.259,1.503,6,6,6,0,1428,0,0,0,0,0,480,486.0,,P5,Limit | Seq Scan | Sort | Projector | Projector | Text Search Scan,plans/q0050.json
q0051,count_bitmap,rare,random_0.01,30,default,False,,100000,486,1000,6,,100,17.884146,20.0918125,27.064375170000005,1.556,0.342,1.431,6,6,6,0,1418,0,0,0,0,0,480,486.0,,P1,Aggregate | Nested Loop | Seq Scan | TID Materializer | Text Search Scan,plans/q0051.json
q0052,bitmap,rare,random_0.001,30,default,False,,100000,486,100,0,,100,15.801041999999999,17.9233319,18.95547392000001,0.918,0.413,0.753,0,0,0,0,450,0,0,0,0,0,486,486.0,,P1,Limit | Sort | Nested Loop | Seq Scan | Projector | Projector | Text Search Scan,plans/q0052.json
q0053,enumeration,rare,random_0.001,30,default,False,,100000,486,100,0,,100,16.067020999999997,20.9398622,26.29999709000001,1.011,0.461,0.875,0,0,0,0,450,0,0,0,0,0,0,486.0,,P1,Limit | ProjectSet | Seq Scan | Sort | Hash Join | CTE Scan | Hash | Projector | Text Search Scan,plans/q0053.json
q0054,subquery,rare,random_0.001,30,default,False,,100000,486,100,0,,100,16.661479,18.797550599999997,19.820228830000005,0.912,0.38,0.779,0,0,0,0,450,0,0,0,0,0,486,486.0,,P5,Limit | Seq Scan | Sort | Projector | Projector | Text Search Scan,plans/q0054.json
q0055,count_bitmap,rare,random_0.001,30,default,False,,100000,486,100,0,,100,16.0162915,18.845683649999998,20.96791125000002,0.672,0.352,0.569,0,0,0,0,446,0,0,0,0,0,486,486.0,,P1,Aggregate | Nested Loop | Seq Scan | TID Materializer | Text Search Scan,plans/q0055.json
q0056,bitmap,rare,random_0,30,default,False,,100000,486,0,0,,100,16.495729,19.25319375,21.35190291000001,0.876,0.379,0.746,0,0,0,0,450,0,0,0,0,0,486,486.0,,P1,Limit | Sort | Nested Loop | Seq Scan | Projector | Projector | Text Search Scan,plans/q0056.json
q0057,enumeration,rare,random_0,30,default,False,,100000,486,0,0,,100,15.693458,18.2075,21.269113090000033,0.166,0.549,0.022,0,0,0,0,1,0,0,0,0,0,0,0,,P1,Limit | ProjectSet | Seq Scan | Sort | Hash Join | CTE Scan | Hash | Projector | Text Search Scan,plans/q0057.json
q0058,subquery,rare,random_0,30,default,False,,100000,486,0,0,,100,15.917750000000002,18.32575205,20.575756070000004,0.874,0.329,0.756,0,0,0,0,450,0,0,0,0,0,486,486.0,,P5,Limit | Seq Scan | Sort | Projector | Projector | Text Search Scan,plans/q0058.json
q0059,count_bitmap,rare,random_0,30,default,False,,100000,486,0,0,,100,16.397208,19.75186105,26.404632670000062,0.604,0.301,0.499,0,0,0,0,446,0,0,0,0,0,486,486.0,,P1,Aggregate | Nested Loop | Seq Scan | TID Materializer | Text Search Scan,plans/q0059.json
q0060,native,rare,random_1,30,default,False,,100000,486,100000,486,,100,15.540854,18.7226792,20.691658580000016,0.27,0.221,0.131,30,30,30,0,35,0,0,0,0,0,0,30.0,,N/A,Limit | Projector | Text Search Scan,plans/q0060.json
q0061,count_native,rare,random_1,30,default,False,,100000,486,100000,486,,100,15.513708,18.196392,18.803810500000008,0.104,0.226,0.037,486,486,486,0,8,0,0,0,0,0,0,1.0,,N/A,Tin Count,plans/q0061.json
q0062,bitmap,medium,random_1,30,default,False,,100000,20079,100000,20079,,100,109.78218749999999,114.5105152,117.15233833,98.933,0.432,98.571,30,30,30,0,85033,0,0,0,0,0,0,20079.0,,P1,Limit | Sort | Nested Loop | Seq Scan | Projector | Projector | Text Search Scan,plans/q0062.json
q0063,enumeration,medium,random_1,30,default,False,,100000,20079,100000,20079,,100,50.146437000000006,54.7032247,58.48740550000005,45.108,0.38,44.817,30,30,30,0,2366,0,0,0,0,0,0,20079.0,,P1,Limit | ProjectSet | Seq Scan | Sort | Hash Join | CTE Scan | Hash | Projector | Text Search Scan,plans/q0063.json
q0064,subquery,medium,random_1,30,default,False,,100000,20079,100000,20079,,100,109.0037705,111.88963154999999,118.45918017,95.698,0.389,95.342,30,30,30,0,85033,0,0,0,0,0,0,20079.0,,P5,Limit | Seq Scan | Sort | Projector | Projector | Text Search Scan,plans/q0064.json
q0065,count_bitmap,medium,random_1,30,default,False,,100000,20079,100000,20079,,100,98.031833,101.1987771,102.48632875,85.347,0.294,85.082,20079,20079,20079,0,82679,0,0,0,0,0,0,20079.0,,P1,Aggregate | Nested Loop | Seq Scan | TID Materializer | Text Search Scan,plans/q0065.json
q0066,bitmap,medium,random_0.75,30,default,False,,100000,20079,75000,14977,,100,106.9972295,114.11469964999999,139.6547578300003,93.088,0.388,92.751,30,30,30,0,85033,0,0,0,0,0,5102,20079.0,,P1,Limit | Sort | Nested Loop | Seq Scan | Projector | Projector | Text Search Scan,plans/q0066.json
q0067,enumeration,medium,random_0.75,30,default,False,,100000,20079,75000,14977,,100,44.6411875,47.9055101,50.33898217000001,39.335,0.53,38.95,30,30,30,0,2366,0,0,0,0,0,0,20079.0,,P1,Limit | ProjectSet | Seq Scan | Sort | Hash Join | CTE Scan | Hash | Projector | Text Search Scan,plans/q0067.json
q0068,subquery,medium,random_0.75,30,default,False,,100000,20079,75000,14977,,100,106.2528335,110.38086875,111.18941008,91.546,0.29,91.201,30,30,30,0,85033,0,0,0,0,0,5102,20079.0,,P5,Limit | Seq Scan | Sort | Projector | Projector | Text Search Scan,plans/q0068.json
q0069,count_bitmap,medium,random_0.75,30,default,False,,100000,20079,75000,14977,,100,95.67097899999999,97.72394134999999,100.80954625000003,83.206,0.31,82.916,14977,14977,14977,0,82679,0,0,0,0,0,5102,20079.0,,P1,Aggregate | Nested Loop | Seq Scan | TID Materializer | Text Search Scan,plans/q0069.json
q0070,bitmap,medium,random_0.5,30,default,False,,100000,20079,50000,9965,,100,104.0266245,107.36144200000001,109.25686000000006,89.373,0.389,89.038,30,30,30,0,85010,0,0,0,0,0,10114,20079.0,,P1,Limit | Sort | Nested Loop | Seq Scan | Projector | Projector | Text Search Scan,plans/q0070.json
q0071,enumeration,medium,random_0.5,30,default,False,,100000,20079,50000,9965,,100,37.897082999999995,42.89933895,47.77100367000002,28.623,0.398,28.278,30,30,30,0,2366,0,0,0,0,0,0,20079.0,,P1,Limit | ProjectSet | Seq Scan | Sort | Hash Join | CTE Scan | Hash | Projector | Text Search Scan,plans/q0071.json
q0072,subquery,medium,random_0.5,30,default,False,,100000,20079,50000,9965,,100,101.6229165,103.50752225,105.54352226,87.67,0.388,87.337,30,30,30,0,85010,0,0,0,0,0,10114,20079.0,,P5,Limit | Seq Scan | Sort | Projector | Projector | Text Search Scan,plans/q0072.json
q0073,count_bitmap,medium,random_0.5,30,default,False,,100000,20079,50000,9965,,100,95.58589649999999,98.5550827,99.97024375000002,81.924,0.398,81.624,9965,9965,9965,0,82679,0,0,0,0,0,10114,20079.0,,P1,Aggregate | Nested Loop | Seq Scan | TID Materializer | Text Search Scan,plans/q0073.json
q0074,bitmap,medium,random_0.25,30,default,False,,100000,20079,25000,4937,,100,98.96506249999999,103.01480624999999,104.78043542,85.551,0.402,85.381,30,30,30,0,84757,0,0,0,0,0,15142,20079.0,,P1,Limit | Sort | Nested Loop | Seq Scan | Projector | Projector | Text Search Scan,plans/q0074.json
q0075,enumeration,medium,random_0.25,30,default,False,,100000,20079,25000,4937,,100,30.987250000000003,35.7061354,38.36739583,20.292,0.448,19.942,30,30,30,0,2366,0,0,0,0,0,0,20079.0,,P1,Limit | ProjectSet | Seq Scan | Sort | Hash Join | CTE Scan | Hash | Projector | Text Search Scan,plans/q0075.json
q0076,subquery,medium,random_0.25,30,default,False,,100000,20079,25000,4937,,100,98.32625,104.6860729,108.77291400000003,83.426,0.265,83.295,30,30,30,0,84757,0,0,0,0,0,15142,20079.0,,P5,Limit | Seq Scan | Sort | Projector | Projector | Text Search Scan,plans/q0076.json
q0077,count_bitmap,medium,random_0.25,30,default,False,,100000,20079,25000,4937,,100,93.7444375,98.06243685000001,101.53866357999999,79.497,0.319,79.22,4937,4937,4937,0,82679,0,0,0,0,0,15142,20079.0,,P1,Aggregate | Nested Loop | Seq Scan | TID Materializer | Text Search Scan,plans/q0077.json
q0078,bitmap,medium,random_0.1,30,default,False,,100000,20079,10000,1926,,100,91.1587085,96.0750747,97.92331958000001,75.436,0.395,75.276,30,30,30,0,63917,0,0,0,0,0,18153,20079.0,,P1,Limit | Sort | Nested Loop | Seq Scan | Projector | Projector | Text Search Scan,plans/q0078.json
q0079,enumeration,medium,random_0.1,30,default,False,,100000,20079,10000,1926,,100,28.271479499999998,30.8030833,32.46009884,15.4,0.488,15.05,30,30,30,0,2365,0,0,0,0,0,0,20079.0,,P1,Limit | ProjectSet | Seq Scan | Sort | Hash Join | CTE Scan | Hash | Projector | Text Search Scan,plans/q0079.json
q0080,subquery,medium,random_0.1,30,default,False,,100000,20079,10000,1926,,100,91.151792,94.0589208,96.49497333000001,75.11,0.392,74.951,30,30,30,0,63917,0,0,0,0,0,18153,20079.0,,P5,Limit | Seq Scan | Sort | Projector | Projector | Text Search Scan,plans/q0080.json
q0081,count_bitmap,medium,random_0.1,30,default,False,,100000,20079,10000,1926,,100,87.37127100000001,91.81249405,96.07627000000001,73.15,0.313,72.876,1926,1926,1926,0,62600,0,0,0,0,0,18153,20079.0,,P1,Aggregate | Nested Loop | Seq Scan | TID Materializer | Text Search Scan,plans/q0081.json
q0082,bitmap,medium,random_0.05,30,default,False,,100000,20079,5000,939,,100,84.557271,98.44245035,112.04466518000002,65.351,0.397,65.194,30,30,30,0,63360,0,0,0,0,0,19140,20079.0,,P1,Limit | Sort | Nested Loop | Seq Scan | Projector | Projector | Text Search Scan,plans/q0082.json
q0083,enumeration,medium,random_0.05,30,default,False,,100000,20079,5000,939,,100,27.1795835,31.039880649999997,33.341065840000006,13.462,0.484,13.165,30,30,30,0,2365,0,0,0,0,0,0,20079.0,,P1,Limit | ProjectSet | Seq Scan | Sort | Hash Join | CTE Scan | Hash | Projector | Text Search Scan,plans/q0083.json
q0084,subquery,medium,random_0.05,30,default,False,,100000,20079,5000,939,,100,82.257083,85.66301665,87.54811066,66.683,0.373,66.521,30,30,30,0,63360,0,0,0,0,0,19140,20079.0,,P5,Limit | Seq Scan | Sort | Projector | Projector | Text Search Scan,plans/q0084.json
q0085,count_bitmap,medium,random_0.05,30,default,False,,100000,20079,5000,939,,100,78.764021,82.73314375,89.4133217500002,63.888,0.294,63.657,939,939,939,0,62600,0,0,0,0,0,19140,20079.0,,P1,Aggregate | Nested Loop | Seq Scan | TID Materializer | Text Search Scan,plans/q0085.json
q0086,bitmap,medium,random_0.01,30,default,False,,100000,20079,1000,198,,100,61.326687500000006,64.79741875,67.20259742,46.706,0.387,46.552,30,30,30,0,42712,0,0,0,0,0,19881,20079.0,,P1,Limit | Sort | Nested Loop | Seq Scan | Projector | Projector | Text Search Scan,plans/q0086.json
q0087,enumeration,medium,random_0.01,30,default,False,,100000,20079,1000,198,,100,25.563896,27.91351875,28.831096580000008,12.328,0.472,11.981,30,30,30,0,2364,0,0,0,0,0,0,20079.0,,P1,Limit | ProjectSet | Seq Scan | Sort | Hash Join | CTE Scan | Hash | Projector | Text Search Scan,plans/q0087.json
q0088,subquery,medium,random_0.01,30,default,False,,100000,20079,1000,198,,100,61.2353335,64.36275239999999,68.11439416,46.682,0.283,46.537,30,30,30,0,42712,0,0,0,0,0,19881,20079.0,,P5,Limit | Seq Scan | Sort | Projector | Projector | Text Search Scan,plans/q0088.json
q0089,count_bitmap,medium,random_0.01,30,default,False,,100000,20079,1000,198,,100,59.907,62.78713125,63.51324242000001,43.947,0.382,43.684,198,198,198,0,42521,0,0,0,0,0,19881,20079.0,,P1,Aggregate | Nested Loop | Seq Scan | TID Materializer | Text Search Scan,plans/q0089.json
q0090,bitmap,medium,random_0.001,30,default,False,,100000,20079,100,21,,100,24.5864375,26.71907645,28.372439830000005,10.155,0.29,10.039,21,21,21,0,2383,0,0,0,0,0,20058,20079.0,,P1,Limit | Sort | Nested Loop | Seq Scan | Projector | Projector | Text Search Scan,plans/q0090.json
q0091,enumeration,medium,random_0.001,30,default,False,,100000,20079,100,21,,100,24.965021,29.945973249999998,32.306728580000005,11.701,0.465,11.365,21,21,21,0,2362,0,0,0,0,0,0,20079.0,,P1,Limit | ProjectSet | Seq Scan | Sort | Hash Join | CTE Scan | Hash | Projector | Text Search Scan,plans/q0091.json
q0092,subquery,medium,random_0.001,30,default,False,,100000,20079,100,21,,100,25.117874999999998,28.080143399999997,30.756078750000007,10.081,0.387,9.929,21,21,21,0,2383,0,0,0,0,0,20058,20079.0,,P5,Limit | Seq Scan | Sort | Projector | Projector | Text Search Scan,plans/q0092.json
q0093,count_bitmap,medium,random_0.001,30,default,False,,100000,20079,100,21,,100,24.3632505,27.048120799999996,28.965134260000013,9.141,0.369,8.844,21,21,21,0,2363,0,0,0,0,0,20058,20079.0,,P1,Aggregate | Nested Loop | Seq Scan | TID Materializer | Text Search Scan,plans/q0093.json
q0094,bitmap,medium,random_0,30,default,False,,100000,20079,0,0,,100,22.930708000000003,25.461729199999997,26.35601842,8.903,0.281,8.795,0,0,0,0,2362,0,0,0,0,0,20079,20079.0,,P1,Limit | Sort | Nested Loop | Seq Scan | Projector | Projector | Text Search Scan,plans/q0094.json
q0095,enumeration,medium,random_0,30,default,False,,100000,20079,0,0,,100,15.9736045,19.122628849999998,22.207217830000015,0.136,0.374,0.018,0,0,0,0,1,0,0,0,0,0,0,0,,P1,Limit | ProjectSet | Seq Scan | Sort | Hash Join | CTE Scan | Hash | Projector | Text Search Scan,plans/q0095.json
q0096,subquery,medium,random_0,30,default,False,,100000,20079,0,0,,100,22.590458499999997,27.0752524,28.95126634000001,8.973,0.381,8.822,0,0,0,0,2362,0,0,0,0,0,20079,20079.0,,P5,Limit | Seq Scan | Sort | Projector | Projector | Text Search Scan,plans/q0096.json
q0097,count_bitmap,medium,random_0,30,default,False,,100000,20079,0,0,,100,23.3011665,25.58828335,26.70199417000001,8.015,0.374,7.798,0,0,0,0,2363,0,0,0,0,0,20079,20079.0,,P1,Aggregate | Nested Loop | Seq Scan | TID Materializer | Text Search Scan,plans/q0097.json
q0098,native,medium,random_1,30,default,False,,100000,20079,100000,20079,,100,15.2635835,18.17242145,21.13549066,0.181,0.348,0.05,30,30,30,0,10,0,0,0,0,0,0,30.0,,N/A,Limit | Projector | Text Search Scan,plans/q0098.json
q0099,count_native,medium,random_1,30,default,False,,100000,20079,100000,20079,,100,15.0975835,18.611022900000002,22.840297260000003,0.103,0.177,0.04,20079,20079,20079,0,9,0,0,0,0,0,0,1.0,,N/A,Tin Count,plans/q0099.json
q0100,bitmap,broad,random_1,30,default,False,,100000,79835,100000,79835,,100,375.23595850000004,415.36848574999993,447.0719669100001,386.132,0.371,385.767,30,30,30,0,324059,0,0,0,0,0,0,79835.0,,P1,Limit | Sort | Nested Loop | Seq Scan | Projector | Projector | Text Search Scan,plans/q0100.json
q0101,enumeration,broad,random_1,30,default,False,,100000,79835,100000,79835,,100,772.3595625,788.8299000000001,802.8391220800002,789.884,0.494,789.488,30,30,30,0,912191,0,0,0,0,0,0,80000.0,,P3,Limit | ProjectSet | Seq Scan | Sort | Nested Loop | CTE Scan | Projector | Projector | Conjunction Scan | Text Search Scan | Index TID Probe,plans/q0101.json
q0102,subquery,broad,random_1,30,default,False,,100000,79835,100000,79835,,100,374.254042,439.9389854,502.3581321700001,368.277,0.418,367.928,30,30,30,0,324059,0,0,0,0,0,0,79835.0,,P5,Limit | Seq Scan | Sort | Projector | Projector | Text Search Scan,plans/q0102.json
q0103,count_bitmap,broad,random_1,30,default,False,,100000,79835,100000,79835,,100,334.4412085,384.3086482499999,423.13193967000007,328.036,0.309,327.767,79835,79835,79835,0,321705,0,0,0,0,0,0,79835.0,,P1,Aggregate | Nested Loop | Seq Scan | TID Materializer | Text Search Scan,plans/q0103.json
q0104,bitmap,broad,random_0.75,30,default,False,,100000,79835,75000,59836,,100,363.4344585,403.6711768,446.21348042000005,361.012,0.423,360.616,30,30,30,0,324059,0,0,0,0,0,19999,79835.0,,P1,Limit | Sort | Nested Loop | Seq Scan | Projector | Projector | Text Search Scan,plans/q0104.json
q0105,enumeration,broad,random_0.75,30,default,False,,100000,79835,75000,59836,,100,584.12175,616.09420655,675.04241584,593.076,0.406,592.654,30,30,30,0,684183,0,0,0,0,0,0,60000.0,,P3,Limit | ProjectSet | Seq Scan | Sort | Nested Loop | CTE Scan | Projector | Projector | Conjunction Scan | Text Search Scan | Index TID Probe,plans/q0105.json
q0106,subquery,broad,random_0.75,30,default,False,,100000,79835,75000,59836,,100,358.5253335,367.6176931,376.32250475000006,357.515,0.369,357.184,30,30,30,0,324059,0,0,0,0,0,19999,79835.0,,P5,Limit | Seq Scan | Sort | Projector | Projector | Text Search Scan,plans/q0106.json
q0107,count_bitmap,broad,random_0.75,30,default,False,,100000,79835,75000,59836,,100,329.51874999999995,409.5423545,411.20228634,324.241,0.414,323.959,59836,59836,59836,0,321705,0,0,0,0,0,19999,79835.0,,P1,Aggregate | Nested Loop | Seq Scan | TID Materializer | Text Search Scan,plans/q0107.json
q0108,bitmap,broad,random_0.5,30,default,False,,100000,79835,50000,39854,,100,349.085125,354.95653545000005,361.87977708000005,353.325,0.422,352.956,30,30,30,0,324059,0,0,0,0,0,39981,79835.0,,P1,Limit | Sort | Nested Loop | Seq Scan | Projector | Projector | Text Search Scan,plans/q0108.json
q0109,enumeration,broad,random_0.5,30,default,False,,100000,79835,50000,39854,,100,396.1707295,441.59188989999996,466.40808525000006,395.918,0.443,395.506,30,30,30,0,455948,0,0,0,0,0,0,40000.0,,P3,Limit | ProjectSet | Seq Scan | Sort | Nested Loop | CTE Scan | Projector | Projector | Conjunction Scan | Text Search Scan | Index TID Probe,plans/q0109.json
q0110,subquery,broad,random_0.5,30,default,False,,100000,79835,50000,39854,,100,348.23695799999996,354.78045865,385.0292270900002,339.833,0.317,339.516,30,30,30,0,324059,0,0,0,0,0,39981,79835.0,,P5,Limit | Seq Scan | Sort | Projector | Projector | Text Search Scan,plans/q0110.json
q0111,count_bitmap,broad,random_0.5,30,default,False,,100000,79835,50000,39854,,100,321.638292,384.46615625,395.99639033000005,317.026,0.35,316.748,39854,39854,39854,0,321705,0,0,0,0,0,39981,79835.0,,P1,Aggregate | Nested Loop | Seq Scan | TID Materializer | Text Search Scan,plans/q0111.json
q0112,bitmap,broad,random_0.25,30,default,False,,100000,79835,25000,19905,,100,335.99337549999996,343.11446045,355.9344179200002,324.944,0.369,324.601,30,30,30,0,324059,0,0,0,0,0,59930,79835.0,,P1,Limit | Sort | Nested Loop | Seq Scan | Projector | Projector | Text Search Scan,plans/q0112.json
q0113,enumeration,broad,random_0.25,30,default,False,,100000,79835,25000,19905,,100,207.634271,212.14885415,237.17633750000002,200.623,0.481,200.233,30,30,30,0,228029,0,0,0,0,0,0,20000.0,,P3,Limit | ProjectSet | Seq Scan | Sort | Nested Loop | CTE Scan | Projector | Projector | Conjunction Scan | Text Search Scan | Index TID Probe,plans/q0113.json
q0114,subquery,broad,random_0.25,30,default,False,,100000,79835,25000,19905,,100,335.94433300000003,403.195692,440.19412509000034,328.085,0.422,327.744,30,30,30,0,324059,0,0,0,0,0,59930,79835.0,,P5,Limit | Seq Scan | Sort | Projector | Projector | Text Search Scan,plans/q0114.json
q0115,count_bitmap,broad,random_0.25,30,default,False,,100000,79835,25000,19905,,100,314.0120835,398.89220240000003,402.18357291,308.101,0.416,307.806,19905,19905,19905,0,321705,0,0,0,0,0,59930,79835.0,,P1,Aggregate | Nested Loop | Seq Scan | TID Materializer | Text Search Scan,plans/q0115.json
q0116,bitmap,broad,random_0.1,30,default,False,,100000,79835,10000,7968,,100,303.00010399999996,309.96641604999996,314.04343225,286.99,0.349,286.838,30,30,30,0,244138,0,0,0,0,0,71867,79835.0,,P1,Limit | Sort | Nested Loop | Seq Scan | Projector | Projector | Text Search Scan,plans/q0116.json
q0117,enumeration,broad,random_0.1,30,default,False,,100000,79835,10000,7968,,100,93.83868749999999,99.76549405,101.41426983000001,91.144,0.412,90.982,30,30,30,0,91253,0,0,0,0,0,0,8000.0,,P3,Limit | ProjectSet | Seq Scan | Sort | Nested Loop | CTE Scan | Projector | Projector | Conjunction Scan | Text Search Scan | Index TID Probe,plans/q0117.json
q0118,subquery,broad,random_0.1,30,default,False,,100000,79835,10000,7968,,100,302.168167,348.14008544999996,378.9482380000001,286.449,0.319,286.302,30,30,30,0,244138,0,0,0,0,0,71867,79835.0,,P5,Limit | Seq Scan | Sort | Projector | Projector | Text Search Scan,plans/q0118.json
q0119,count_bitmap,broad,random_0.1,30,default,False,,100000,79835,10000,7968,,100,289.1555415,297.4057226,364.7756206600001,282.436,0.395,282.155,7968,7968,7968,0,241870,0,0,0,0,0,71867,79835.0,,P1,Aggregate | Nested Loop | Seq Scan | TID Materializer | Text Search Scan,plans/q0119.json
q0120,bitmap,broad,random_0.05,30,default,False,,100000,79835,5000,3992,,100,266.5140205,330.6812601,348.2288465800002,254.951,0.508,254.75,30,30,30,0,243819,0,0,0,0,0,75843,79835.0,,P1,Limit | Sort | Nested Loop | Seq Scan | Projector | Projector | Text Search Scan,plans/q0120.json
q0121,enumeration,broad,random_0.05,30,default,False,,100000,79835,5000,3992,,100,55.0558125,59.492789599999995,63.13059767000004,41.505,0.479,41.343,30,30,30,0,45645,0,0,0,0,0,0,4000.0,,P3,Limit | ProjectSet | Seq Scan | Sort | Nested Loop | CTE Scan | Projector | Projector | Conjunction Scan | Text Search Scan | Index TID Probe,plans/q0121.json
q0122,subquery,broad,random_0.05,30,default,False,,100000,79835,5000,3992,,100,266.18606250000005,273.22810595000004,290.0511562500002,255.242,0.354,255.053,30,30,30,0,243819,0,0,0,0,0,75843,79835.0,,P5,Limit | Seq Scan | Sort | Projector | Projector | Text Search Scan,plans/q0122.json
q0123,count_bitmap,broad,random_0.05,30,default,False,,100000,79835,5000,3992,,100,257.5770625,348.0427003,357.96381417000003,244.699,0.487,244.392,3992,3992,3992,0,241870,0,0,0,0,0,75843,79835.0,,P1,Aggregate | Nested Loop | Seq Scan | TID Materializer | Text Search Scan,plans/q0123.json
q0124,bitmap,broad,random_0.01,30,default,False,,100000,79835,1000,812,,100,189.07345850000002,195.3311896,204.39050333000012,177.519,0.404,177.35,30,30,30,0,162712,0,0,0,0,0,79023,79835.0,,P1,Limit | Sort | Nested Loop | Seq Scan | Projector | Projector | Text Search Scan,plans/q0124.json
q0125,enumeration,broad,random_0.01,30,default,False,,100000,79835,1000,812,,100,24.6536665,30.612627699999997,35.25433967000003,8.961,0.538,8.773,30,30,30,0,9176,0,0,0,0,0,0,810.0,,P3,Limit | ProjectSet | Seq Scan | Sort | Nested Loop | CTE Scan | Projector | Projector | Conjunction Scan | Text Search Scan | Index TID Probe,plans/q0125.json
q0126,subquery,broad,random_0.01,30,default,False,,100000,79835,1000,812,,100,186.16414550000002,194.33403124999998,312.67350449,172.407,0.313,172.263,30,30,30,0,162712,0,0,0,0,0,79023,79835.0,,P5,Limit | Seq Scan | Sort | Projector | Projector | Text Search Scan,plans/q0126.json
q0127,count_bitmap,broad,random_0.01,30,default,False,,100000,79835,1000,812,,100,176.35370799999998,179.9416566,182.13810833000002,165.392,0.325,165.115,812,812,812,0,162035,0,0,0,0,0,79023,79835.0,,P1,Aggregate | Nested Loop | Seq Scan | TID Materializer | Text Search Scan,plans/q0127.json
q0128,bitmap,broad,random_0.001,30,default,False,,100000,79835,100,82,,100,42.1598335,44.815504499999996,53.10018167000007,29.63,0.296,29.489,30,30,30,0,2446,0,0,0,0,0,79753,79835.0,,P1,Limit | Sort | Nested Loop | Seq Scan | Projector | Projector | Text Search Scan,plans/q0128.json
q0129,enumeration,broad,random_0.001,30,default,False,,100000,79835,100,82,,100,17.8345205,19.1660521,20.017546250000002,1.218,0.477,1.082,30,30,30,0,929,0,0,0,0,0,0,82.0,,P3,Limit | ProjectSet | Seq Scan | Sort | Nested Loop | CTE Scan | Projector | Projector | Conjunction Scan | Text Search Scan | Index TID Probe,plans/q0129.json
q0130,subquery,broad,random_0.001,30,default,False,,100000,79835,100,82,,100,42.4792295,45.106733049999995,46.785466250000034,29.665,0.319,29.525,30,30,30,0,2446,0,0,0,0,0,79753,79835.0,,P5,Limit | Seq Scan | Sort | Projector | Projector | Text Search Scan,plans/q0130.json
q0131,count_bitmap,broad,random_0.001,30,default,False,,100000,79835,100,82,,100,37.492520999999996,41.69622435,44.84754916000001,25.858,0.277,25.619,82,82,82,0,2365,0,0,0,0,0,79753,79835.0,,P1,Aggregate | Nested Loop | Seq Scan | TID Materializer | Text Search Scan,plans/q0131.json
q0132,bitmap,broad,random_0,30,default,False,,100000,79835,0,0,,100,37.1505625,43.50957675,51.77114384000019,25.058,0.326,24.932,0,0,0,0,2364,0,0,0,0,0,79835,79835.0,,P1,Limit | Sort | Nested Loop | Seq Scan | Projector | Projector | Text Search Scan,plans/q0132.json
q0133,enumeration,broad,random_0,30,default,False,,100000,79835,0,0,,100,16.049417,19.764804199999997,24.572923920000026,0.147,0.485,0.019,0,0,0,0,1,0,0,0,0,0,0,0,,P3,Limit | ProjectSet | Seq Scan | Sort | Nested Loop | CTE Scan | Projector | Projector | Conjunction Scan | Text Search Scan | Index TID Probe,plans/q0133.json
q0134,subquery,broad,random_0,30,default,False,,100000,79835,0,0,,100,37.9814795,40.529366350000004,40.96704917,25.644,0.395,25.448,0,0,0,0,2364,0,0,0,0,0,79835,79835.0,,P5,Limit | Seq Scan | Sort | Projector | Projector | Text Search Scan,plans/q0134.json
q0135,count_bitmap,broad,random_0,30,default,False,,100000,79835,0,0,,100,33.5758745,37.83492085,40.67739625,21.054,0.304,20.797,0,0,0,0,2365,0,0,0,0,0,79835,79835.0,,P1,Aggregate | Nested Loop | Seq Scan | TID Materializer | Text Search Scan,plans/q0135.json
q0136,native,broad,random_1,30,default,False,,100000,79835,100000,79835,,100,15.2497085,18.773552399999996,20.63550584000002,0.161,0.292,0.042,30,30,30,0,7,0,0,0,0,0,0,30.0,,N/A,Limit | Projector | Text Search Scan,plans/q0136.json
q0137,count_native,broad,random_1,30,default,False,,100000,79835,100000,79835,,100,15.479229499999999,18.08824195,18.78549033000001,0.121,0.279,0.055,79835,79835,79835,0,8,0,0,0,0,0,0,1.0,,N/A,Tin Count,plans/q0137.json
q0138,bitmap,and,random_1,30,default,False,,100000,26662,100000,26662,,100,141.9936045,149.11724375,158.45985375,130.205,0.424,129.852,30,30,30,0,111370,0,0,0,0,0,0,26662.0,,P1,Limit | Sort | Nested Loop | Seq Scan | Projector | Projector | Text Search Scan,plans/q0138.json
q0139,enumeration,and,random_1,30,default,False,,100000,26662,100000,26662,,100,55.9199585,60.097251449999995,61.486688660000006,52.444,0.508,52.054,30,30,30,0,2371,0,0,0,0,0,0,26662.0,,P1,Limit | ProjectSet | Seq Scan | Sort | Hash Join | CTE Scan | Hash | Projector | Text Search Scan,plans/q0139.json
q0140,subquery,and,random_1,30,default,False,,100000,26662,100000,26662,,100,139.082021,143.0341944,150.05496875000003,127.633,0.479,127.25,30,30,30,0,111370,0,0,0,0,0,0,26662.0,,P5,Limit | Seq Scan | Sort | Projector | Projector | Text Search Scan,plans/q0140.json
q0141,count_bitmap,and,random_1,30,default,False,,100000,26662,100000,26662,,100,125.442917,128.8159431,131.87761165999999,114.721,0.343,114.418,26662,26662,26662,0,109016,0,0,0,0,0,0,26662.0,,P1,Aggregate | Nested Loop | Seq Scan | TID Materializer | Text Search Scan,plans/q0141.json
q0142,bitmap,and,random_0.75,30,default,False,,100000,26662,75000,19973,,100,137.3416665,140.8898598,144.32074583000008,129.723,0.39,129.348,30,30,30,0,111370,0,0,0,0,0,6689,26662.0,,P1,Limit | Sort | Nested Loop | Seq Scan | Projector | Projector | Text Search Scan,plans/q0142.json
q0143,enumeration,and,random_0.75,30,default,False,,100000,26662,75000,19973,,100,47.41318750000001,50.04420865,50.79394459,42.594,0.532,42.225,30,30,30,0,2371,0,0,0,0,0,0,26662.0,,P1,Limit | ProjectSet | Seq Scan | Sort | Hash Join | CTE Scan | Hash | Projector | Text Search Scan,plans/q0143.json
q0144,subquery,and,random_0.75,30,default,False,,100000,26662,75000,19973,,100,135.754854,145.05075,154.04224009000006,123.427,0.434,123.065,30,30,30,0,111370,0,0,0,0,0,6689,26662.0,,P5,Limit | Seq Scan | Sort | Projector | Projector | Text Search Scan,plans/q0144.json
q0145,count_bitmap,and,random_0.75,30,default,False,,100000,26662,75000,19973,,100,123.9075,129.29330209999998,137.10142592000017,111.885,0.448,111.553,19973,19973,19973,0,109016,0,0,0,0,0,6689,26662.0,,P1,Aggregate | Nested Loop | Seq Scan | TID Materializer | Text Search Scan,plans/q0145.json
q0146,bitmap,and,random_0.5,30,default,False,,100000,26662,50000,13263,,100,132.0930625,138.0418375,143.82633417,124.352,0.471,123.981,30,30,30,0,111366,0,0,0,0,0,13399,26662.0,,P1,Limit | Sort | Nested Loop | Seq Scan | Projector | Projector | Text Search Scan,plans/q0146.json
q0147,enumeration,and,random_0.5,30,default,False,,100000,26662,50000,13263,,100,41.8864375,44.19508895,51.34422649000009,34.329,0.553,33.916,30,30,30,0,2371,0,0,0,0,0,0,26662.0,,P1,Limit | ProjectSet | Seq Scan | Sort | Hash Join | CTE Scan | Hash | Projector | Text Search Scan,plans/q0147.json
q0148,subquery,and,random_0.5,30,default,False,,100000,26662,50000,13263,,100,131.232562,136.06390625,142.20703434000006,118.876,0.435,118.441,30,30,30,0,111366,0,0,0,0,0,13399,26662.0,,P5,Limit | Seq Scan | Sort | Projector | Projector | Text Search Scan,plans/q0148.json
q0149,count_bitmap,and,random_0.5,30,default,False,,100000,26662,50000,13263,,100,122.21685400000001,127.0849024,131.66064009,108.919,0.366,108.621,13263,13263,13263,0,109016,0,0,0,0,0,13399,26662.0,,P1,Aggregate | Nested Loop | Seq Scan | TID Materializer | Text Search Scan,plans/q0149.json
q0150,bitmap,and,random_0.25,30,default,False,,100000,26662,25000,6748,,100,127.291563,132.13502290000002,139.31573366,120.019,0.395,119.824,30,30,30,0,111272,0,0,0,0,0,19914,26662.0,,P1,Limit | Sort | Nested Loop | Seq Scan | Projector | Projector | Text Search Scan,plans/q0150.json
q0151,enumeration,and,random_0.25,30,default,False,,100000,26662,25000,6748,,100,36.486354500000004,39.444060449999995,40.40687092,24.568,0.498,24.202,30,30,30,0,2371,0,0,0,0,0,0,26662.0,,P1,Limit | ProjectSet | Seq Scan | Sort | Hash Join | CTE Scan | Hash | Projector | Text Search Scan,plans/q0151.json
q0152,subquery,and,random_0.25,30,default,False,,100000,26662,25000,6748,,100,125.84227050000001,129.28873719999999,133.02295366,112.143,0.417,111.967,30,30,30,0,111272,0,0,0,0,0,19914,26662.0,,P5,Limit | Seq Scan | Sort | Projector | Projector | Text Search Scan,plans/q0152.json
q0153,count_bitmap,and,random_0.25,30,default,False,,100000,26662,25000,6748,,100,120.02633349999999,123.31636075,124.97849583,106.531,0.397,106.225,6748,6748,6748,0,109016,0,0,0,0,0,19914,26662.0,,P1,Aggregate | Nested Loop | Seq Scan | TID Materializer | Text Search Scan,plans/q0153.json
q0154,bitmap,and,random_0.1,30,default,False,,100000,26662,10000,2751,,100,115.5830205,118.51560269999999,123.80495726000001,100.669,0.465,100.491,30,30,30,0,84016,0,0,0,0,0,23911,26662.0,,P1,Limit | Sort | Nested Loop | Seq Scan | Projector | Projector | Text Search Scan,plans/q0154.json
q0155,enumeration,and,random_0.1,30,default,False,,100000,26662,10000,2751,,100,31.858375000000002,33.84526105,34.194505830000004,18.907,0.517,18.555,30,30,30,0,2370,0,0,0,0,0,0,26662.0,,P1,Limit | ProjectSet | Seq Scan | Sort | Hash Join | CTE Scan | Hash | Projector | Text Search Scan,plans/q0155.json
q0156,subquery,and,random_0.1,30,default,False,,100000,26662,10000,2751,,100,116.536979,124.93294374999999,129.67699375000012,101.072,0.465,100.894,30,30,30,0,84016,0,0,0,0,0,23911,26662.0,,P5,Limit | Seq Scan | Sort | Projector | Projector | Text Search Scan,plans/q0156.json
q0157,count_bitmap,and,random_0.1,30,default,False,,100000,26662,10000,2751,,100,112.3065,115.9519372,118.88807384,97.693,0.455,97.375,2751,2751,2751,0,82354,0,0,0,0,0,23911,26662.0,,P1,Aggregate | Nested Loop | Seq Scan | TID Materializer | Text Search Scan,plans/q0157.json
q0158,bitmap,and,random_0.05,30,default,False,,100000,26662,5000,1421,,100,104.3780625,109.4458598,111.05598759,89.457,0.432,89.292,30,30,30,0,83437,0,0,0,0,0,25241,26662.0,,P1,Limit | Sort | Nested Loop | Seq Scan | Projector | Projector | Text Search Scan,plans/q0158.json
q0159,enumeration,and,random_0.05,30,default,False,,100000,26662,5000,1421,,100,30.8879165,33.5030875,34.92403309000001,17.626,0.546,17.228,30,30,30,0,2370,0,0,0,0,0,0,26662.0,,P1,Limit | ProjectSet | Seq Scan | Sort | Hash Join | CTE Scan | Hash | Projector | Text Search Scan,plans/q0159.json
q0160,subquery,and,random_0.05,30,default,False,,100000,26662,5000,1421,,100,104.17127099999999,111.83698335,120.76359033000006,87.971,0.418,87.801,30,30,30,0,83437,0,0,0,0,0,25241,26662.0,,P5,Limit | Seq Scan | Sort | Projector | Projector | Text Search Scan,plans/q0160.json
q0161,count_bitmap,and,random_0.05,30,default,False,,100000,26662,5000,1421,,100,99.7297705,102.67523539999999,109.21178816,85.4,0.438,85.088,1421,1421,1421,0,82354,0,0,0,0,0,25241,26662.0,,P1,Aggregate | Nested Loop | Seq Scan | TID Materializer | Text Search Scan,plans/q0161.json
q0162,bitmap,and,random_0.01,30,default,False,,100000,26662,1000,296,,100,76.967562,79.06183750000001,84.59945491000002,61.741,0.417,61.577,30,30,30,0,55967,0,0,0,0,0,26366,26662.0,,P1,Limit | Sort | Nested Loop | Seq Scan | Projector | Projector | Text Search Scan,plans/q0162.json
q0163,enumeration,and,random_0.01,30,default,False,,100000,26662,1000,296,,100,29.2615835,31.8718628,32.97605634000001,15.965,0.54,15.585,30,30,30,0,2369,0,0,0,0,0,0,26662.0,,P1,Limit | ProjectSet | Seq Scan | Sort | Hash Join | CTE Scan | Hash | Projector | Text Search Scan,plans/q0163.json
q0164,subquery,and,random_0.01,30,default,False,,100000,26662,1000,296,,100,77.70210399999999,80.49657470000001,84.30911258,61.611,0.392,61.432,30,30,30,0,55967,0,0,0,0,0,26366,26662.0,,P5,Limit | Seq Scan | Sort | Projector | Projector | Text Search Scan,plans/q0164.json
q0165,count_bitmap,and,random_0.01,30,default,False,,100000,26662,1000,296,,100,74.585625,79.60966635,82.76472825,59.504,0.353,59.193,296,296,296,0,55692,0,0,0,0,0,26366,26662.0,,P1,Aggregate | Nested Loop | Seq Scan | TID Materializer | Text Search Scan,plans/q0165.json
q0166,bitmap,and,random_0.001,30,default,False,,100000,26662,100,27,,100,27.9320835,31.858458649999996,35.06670393000016,13.447,0.433,13.238,27,27,27,0,2394,0,0,0,0,0,26635,26662.0,,P1,Limit | Sort | Nested Loop | Seq Scan | Projector | Projector | Text Search Scan,plans/q0166.json
q0167,enumeration,and,random_0.001,30,default,False,,100000,26662,100,27,,100,27.983521,31.576172599999996,33.912079580000004,14.957,0.442,14.619,27,27,27,0,2367,0,0,0,0,0,0,26662.0,,P1,Limit | ProjectSet | Seq Scan | Sort | Hash Join | CTE Scan | Hash | Projector | Text Search Scan,plans/q0167.json
q0168,subquery,and,random_0.001,30,default,False,,100000,26662,100,27,,100,27.338437499999998,30.422313949999996,34.06358041000001,13.246,0.332,13.113,27,27,27,0,2394,0,0,0,0,0,26635,26662.0,,P5,Limit | Seq Scan | Sort | Projector | Projector | Text Search Scan,plans/q0168.json
q0169,count_bitmap,and,random_0.001,30,default,False,,100000,26662,100,27,,100,26.6982085,29.7718896,34.42338116000002,11.612,0.439,11.297,27,27,27,0,2368,0,0,0,0,0,26635,26662.0,,P1,Aggregate | Nested Loop | Seq Scan | TID Materializer | Text Search Scan,plans/q0169.json
q0170,bitmap,and,random_0,30,default,False,,100000,26662,0,0,,100,26.971729500000002,29.97673395,31.635187000000002,11.998,0.488,11.788,0,0,0,0,2367,0,0,0,0,0,26662,26662.0,,P1,Limit | Sort | Nested Loop | Seq Scan | Projector | Projector | Text Search Scan,plans/q0170.json
q0171,enumeration,and,random_0,30,default,False,,100000,26662,0,0,,100,16.6319375,18.73269165,19.515424170000006,0.17,0.509,0.019,0,0,0,0,1,0,0,0,0,0,0,0,,P1,Limit | ProjectSet | Seq Scan | Sort | Hash Join | CTE Scan | Hash | Projector | Text Search Scan,plans/q0171.json
q0172,subquery,and,random_0,30,default,False,,100000,26662,0,0,,100,26.654625,31.90809645,41.27434158000005,12.089,0.393,11.936,0,0,0,0,2367,0,0,0,0,0,26662,26662.0,,P5,Limit | Seq Scan | Sort | Projector | Projector | Text Search Scan,plans/q0172.json
q0173,count_bitmap,and,random_0,30,default,False,,100000,26662,0,0,,100,24.190854,25.88135625,26.581992500000027,10.298,0.443,9.948,0,0,0,0,2368,0,0,0,0,0,26662,26662.0,,P1,Aggregate | Nested Loop | Seq Scan | TID Materializer | Text Search Scan,plans/q0173.json
q0174,native,and,random_1,30,default,False,,100000,26662,100000,26662,,100,15.082979,17.453422949999997,18.772654080000024,0.291,0.402,0.099,30,30,30,0,11,0,0,0,0,0,0,30.0,,N/A,Limit | Projector | Text Search Scan,plans/q0174.json
q0175,count_native,and,random_1,30,default,False,,100000,26662,100000,26662,,100,16.1932295,18.8215431,18.999664160000002,0.208,0.268,0.133,26662,26662,26662,0,14,0,0,0,0,0,0,1.0,,N/A,Tin Count,plans/q0175.json
q0176,bitmap,or,random_1,30,default,False,,100000,20079,100000,20079,,100,113.053333,118.0312146,123.97842959,101.042,0.498,100.684,30,30,30,0,85040,0,0,0,0,0,0,20079.0,,P1,Limit | Sort | Nested Loop | Seq Scan | Projector | Projector | Text Search Scan,plans/q0176.json
q0177,enumeration,or,random_1,30,default,False,,100000,20079,100000,20079,,100,52.501708,54.85064195,56.08171991000002,49.051,0.527,48.647,30,30,30,0,2373,0,0,0,0,0,0,20079.0,,P1,Limit | ProjectSet | Seq Scan | Sort | Hash Join | CTE Scan | Hash | Projector | Text Search Scan,plans/q0177.json
q0178,subquery,or,random_1,30,default,False,,100000,20079,100000,20079,,100,111.82525000000001,121.47218509999998,149.44656450000028,98.656,0.417,98.293,30,30,30,0,85040,0,0,0,0,0,0,20079.0,,P5,Limit | Seq Scan | Sort | Projector | Projector | Text Search Scan,plans/q0178.json
q0179,count_bitmap,or,random_1,30,default,False,,100000,20079,100000,20079,,100,99.63,102.90655625,110.94750958,85.636,0.402,85.313,20079,20079,20079,0,82681,0,0,0,0,0,0,20079.0,,P1,Aggregate | Nested Loop | Seq Scan | TID Materializer | Text Search Scan,plans/q0179.json
q0180,bitmap,or,random_0.75,30,default,False,,100000,20079,75000,14977,,100,110.026625,114.0205271,117.68034566000001,97.191,0.491,96.786,30,30,30,0,85040,0,0,0,0,0,5102,20079.0,,P1,Limit | Sort | Nested Loop | Seq Scan | Projector | Projector | Text Search Scan,plans/q0180.json
q0181,enumeration,or,random_0.75,30,default,False,,100000,20079,75000,14977,,100,45.5403955,48.184720199999994,52.89761417000007,39.83,0.536,39.462,30,30,30,0,2373,0,0,0,0,0,0,20079.0,,P1,Limit | ProjectSet | Seq Scan | Sort | Hash Join | CTE Scan | Hash | Projector | Text Search Scan,plans/q0181.json
q0182,subquery,or,random_0.75,30,default,False,,100000,20079,75000,14977,,100,108.3104375,112.07967855,127.89228791000009,93.937,0.401,93.592,30,30,30,0,85040,0,0,0,0,0,5102,20079.0,,P5,Limit | Seq Scan | Sort | Projector | Projector | Text Search Scan,plans/q0182.json
q0183,count_bitmap,or,random_0.75,30,default,False,,100000,20079,75000,14977,,100,98.894375,107.36087739999999,112.57413809000003,84.927,0.412,84.607,14977,14977,14977,0,82681,0,0,0,0,0,5102,20079.0,,P1,Aggregate | Nested Loop | Seq Scan | TID Materializer | Text Search Scan,plans/q0183.json
q0184,bitmap,or,random_0.5,30,default,False,,100000,20079,50000,9965,,100,106.1519585,110.77836935,116.32937792,92.259,0.446,91.862,30,30,30,0,85017,0,0,0,0,0,10114,20079.0,,P1,Limit | Sort | Nested Loop | Seq Scan | Projector | Projector | Text Search Scan,plans/q0184.json
q0185,enumeration,or,random_0.5,30,default,False,,100000,20079,50000,9965,,100,40.71825,46.28873335,50.796450840000034,31.545,0.461,31.199,30,30,30,0,2373,0,0,0,0,0,0,20079.0,,P1,Limit | ProjectSet | Seq Scan | Sort | Hash Join | CTE Scan | Hash | Projector | Text Search Scan,plans/q0185.json
q0186,subquery,or,random_0.5,30,default,False,,100000,20079,50000,9965,,100,105.4451255,111.600625,115.54092000000001,91.468,0.343,91.148,30,30,30,0,85017,0,0,0,0,0,10114,20079.0,,P5,Limit | Seq Scan | Sort | Projector | Projector | Text Search Scan,plans/q0186.json
q0187,count_bitmap,or,random_0.5,30,default,False,,100000,20079,50000,9965,,100,97.3352085,106.92357709999999,113.88273467000006,83.908,0.447,83.585,9965,9965,9965,0,82681,0,0,0,0,0,10114,20079.0,,P1,Aggregate | Nested Loop | Seq Scan | TID Materializer | Text Search Scan,plans/q0187.json
q0188,bitmap,or,random_0.25,30,default,False,,100000,20079,25000,4937,,100,101.2264375,103.8420247,105.65182241,86.793,0.499,86.605,30,30,30,0,84764,0,0,0,0,0,15142,20079.0,,P1,Limit | Sort | Nested Loop | Seq Scan | Projector | Projector | Text Search Scan,plans/q0188.json
q0189,enumeration,or,random_0.25,30,default,False,,100000,20079,25000,4937,,100,33.879270500000004,37.36875,38.68950875000002,22.871,0.432,22.549,30,30,30,0,2373,0,0,0,0,0,0,20079.0,,P1,Limit | ProjectSet | Seq Scan | Sort | Hash Join | CTE Scan | Hash | Projector | Text Search Scan,plans/q0189.json
q0190,subquery,or,random_0.25,30,default,False,,100000,20079,25000,4937,,100,101.9162915,107.9635268,113.32627450000008,89.773,0.444,89.592,30,30,30,0,84764,0,0,0,0,0,15142,20079.0,,P5,Limit | Seq Scan | Sort | Projector | Projector | Text Search Scan,plans/q0190.json
q0191,count_bitmap,or,random_0.25,30,default,False,,100000,20079,25000,4937,,100,95.97856250000001,100.18393094999999,103.59382533000003,80.952,0.456,80.628,4937,4937,4937,0,82681,0,0,0,0,0,15142,20079.0,,P1,Aggregate | Nested Loop | Seq Scan | TID Materializer | Text Search Scan,plans/q0191.json
q0192,bitmap,or,random_0.1,30,default,False,,100000,20079,10000,1926,,100,93.778229,101.17243365,102.976755,78.255,0.391,78.078,30,30,30,0,63924,0,0,0,0,0,18153,20079.0,,P1,Limit | Sort | Nested Loop | Seq Scan | Projector | Projector | Text Search Scan,plans/q0192.json
q0193,enumeration,or,random_0.1,30,default,False,,100000,20079,10000,1926,,100,32.0615415,45.37354969999999,61.19314417000005,17.653,0.562,17.307,30,30,30,0,2372,0,0,0,0,0,0,20079.0,,P1,Limit | ProjectSet | Seq Scan | Sort | Hash Join | CTE Scan | Hash | Projector | Text Search Scan,plans/q0193.json
q0194,subquery,or,random_0.1,30,default,False,,100000,20079,10000,1926,,100,93.671146,97.33454585,100.14633658000004,77.876,0.34,77.71,30,30,30,0,63924,0,0,0,0,0,18153,20079.0,,P5,Limit | Seq Scan | Sort | Projector | Projector | Text Search Scan,plans/q0194.json
q0195,count_bitmap,or,random_0.1,30,default,False,,100000,20079,10000,1926,,100,88.4652495,91.949717,92.83364542,74.059,0.393,73.74,1926,1926,1926,0,62602,0,0,0,0,0,18153,20079.0,,P1,Aggregate | Nested Loop | Seq Scan | TID Materializer | Text Search Scan,plans/q0195.json
q0196,bitmap,or,random_0.05,30,default,False,,100000,20079,5000,939,,100,84.9428125,89.40071040000001,94.14470358,68.51,0.429,68.329,30,30,30,0,63367,0,0,0,0,0,19140,20079.0,,P1,Limit | Sort | Nested Loop | Seq Scan | Projector | Projector | Text Search Scan,plans/q0196.json
q0197,enumeration,or,random_0.05,30,default,False,,100000,20079,5000,939,,100,29.9294375,32.743691649999995,34.04899700000001,16.245,0.513,15.854,30,30,30,0,2372,0,0,0,0,0,0,20079.0,,P1,Limit | ProjectSet | Seq Scan | Sort | Hash Join | CTE Scan | Hash | Projector | Text Search Scan,plans/q0197.json
q0198,subquery,or,random_0.05,30,default,False,,100000,20079,5000,939,,100,84.9815415,88.0068,90.99017425000002,69.485,0.404,69.295,30,30,30,0,63367,0,0,0,0,0,19140,20079.0,,P5,Limit | Seq Scan | Sort | Projector | Projector | Text Search Scan,plans/q0198.json
q0199,count_bitmap,or,random_0.05,30,default,False,,100000,20079,5000,939,,100,80.128854,83.12031395,90.20324866000001,65.003,0.408,64.626,939,939,939,0,62602,0,0,0,0,0,19140,20079.0,,P1,Aggregate | Nested Loop | Seq Scan | TID Materializer | Text Search Scan,plans/q0199.json
q0200,bitmap,or,random_0.01,30,default,False,,100000,20079,1000,198,,100,64.308979,67.51625895000001,71.81519699000002,55.34,0.647,55.123,30,30,30,0,42719,0,0,0,0,0,19881,20079.0,,P1,Limit | Sort | Nested Loop | Seq Scan | Projector | Projector | Text Search Scan,plans/q0200.json
q0201,enumeration,or,random_0.01,30,default,False,,100000,20079,1000,198,,100,28.2166875,31.6616601,32.61635092000001,15.029,0.465,14.701,30,30,30,0,2371,0,0,0,0,0,0,20079.0,,P1,Limit | ProjectSet | Seq Scan | Sort | Hash Join | CTE Scan | Hash | Projector | Text Search Scan,plans/q0201.json
q0202,subquery,or,random_0.01,30,default,False,,100000,20079,1000,198,,100,64.5983125,67.64475800000001,70.68754642,49.014,0.347,48.838,30,30,30,0,42719,0,0,0,0,0,19881,20079.0,,P5,Limit | Seq Scan | Sort | Projector | Projector | Text Search Scan,plans/q0202.json
q0203,count_bitmap,or,random_0.01,30,default,False,,100000,20079,1000,198,,100,61.6072295,69.72437775,76.28840592000002,44.898,0.389,44.589,198,198,198,0,42523,0,0,0,0,0,19881,20079.0,,P1,Aggregate | Nested Loop | Seq Scan | TID Materializer | Text Search Scan,plans/q0203.json
q0204,bitmap,or,random_0.001,30,default,False,,100000,20079,100,21,,100,27.3388745,31.097354149999997,35.08745542000005,12.757,0.437,12.603,21,21,21,0,2390,0,0,0,0,0,20058,20079.0,,P1,Limit | Sort | Nested Loop | Seq Scan | Projector | Projector | Text Search Scan,plans/q0204.json
q0205,enumeration,or,random_0.001,30,default,False,,100000,20079,100,21,,100,27.1367505,32.965402399999995,34.789785840000015,13.923,0.45,13.623,21,21,21,0,2369,0,0,0,0,0,0,20079.0,,P1,Limit | ProjectSet | Seq Scan | Sort | Hash Join | CTE Scan | Hash | Projector | Text Search Scan,plans/q0205.json
q0206,subquery,or,random_0.001,30,default,False,,100000,20079,100,21,,100,27.098104,30.33273155,33.718374589999996,12.36,0.274,12.236,21,21,21,0,2390,0,0,0,0,0,20058,20079.0,,P5,Limit | Seq Scan | Sort | Projector | Projector | Text Search Scan,plans/q0206.json
q0207,count_bitmap,or,random_0.001,30,default,False,,100000,20079,100,21,,100,24.226,28.0236521,29.81099517,9.415,0.463,9.096,21,21,21,0,2365,0,0,0,0,0,20058,20079.0,,P1,Aggregate | Nested Loop | Seq Scan | TID Materializer | Text Search Scan,plans/q0207.json
q0208,bitmap,or,random_0,30,default,False,,100000,20079,0,0,,100,26.928,29.24468155,31.99505000000001,11.714,0.514,11.53,0,0,0,0,2369,0,0,0,0,0,20079,20079.0,,P1,Limit | Sort | Nested Loop | Seq Scan | Projector | Projector | Text Search Scan,plans/q0208.json
q0209,enumeration,or,random_0,30,default,False,,100000,20079,0,0,,100,15.897874999999999,18.4884944,20.87507275,0.164,0.513,0.019,0,0,0,0,1,0,0,0,0,0,0,0,,P1,Limit | ProjectSet | Seq Scan | Sort | Hash Join | CTE Scan | Hash | Projector | Text Search Scan,plans/q0209.json
q0210,subquery,or,random_0,30,default,False,,100000,20079,0,0,,100,26.207854,29.993975,30.68824834,11.323,0.348,11.178,0,0,0,0,2369,0,0,0,0,0,20079,20079.0,,P5,Limit | Seq Scan | Sort | Projector | Projector | Text Search Scan,plans/q0210.json
q0211,count_bitmap,or,random_0,30,default,False,,100000,20079,0,0,,100,23.9260835,26.16319825,28.188587920000025,8.295,0.403,8.012,0,0,0,0,2365,0,0,0,0,0,20079,20079.0,,P1,Aggregate | Nested Loop | Seq Scan | TID Materializer | Text Search Scan,plans/q0211.json
q0212,native,or,random_1,30,default,False,,100000,20079,100000,20079,,100,15.3361455,17.773748549999997,18.55300816,0.497,0.316,0.331,30,30,30,0,37,0,0,0,0,0,0,30.0,,N/A,Limit | Projector | Text Search Scan,plans/q0212.json
q0213,count_native,or,random_1,30,default,False,,100000,20079,100000,20079,,100,15.5062915,19.6310601,21.57569116,0.137,0.242,0.066,20079,20079,20079,0,11,0,0,0,0,0,0,1.0,,N/A,Tin Count,plans/q0213.json
q0214,bitmap,phrase,random_1,30,default,False,,100000,33334,100000,33334,,100,171.072812,175.6831455,178.75082041000005,161.925,0.439,161.571,30,30,30,0,138063,0,0,0,0,0,0,33334.0,,P1,Limit | Sort | Nested Loop | Seq Scan | Projector | Projector | Text Search Scan,plans/q0214.json
q0215,enumeration,phrase,random_1,30,default,False,,100000,33334,100000,33334,,100,58.072146000000004,63.116660749999994,65.35955408000005,57.529,0.499,57.128,30,30,30,0,2376,0,0,0,0,0,0,33334.0,,P1,Limit | ProjectSet | Seq Scan | Sort | Hash Join | CTE Scan | Hash | Projector | Text Search Scan,plans/q0215.json
q0216,subquery,phrase,random_1,30,default,False,,100000,33334,100000,33334,,100,169.2125835,173.46141665,174.97982449,157.051,0.377,156.701,30,30,30,0,138063,0,0,0,0,0,0,33334.0,,P5,Limit | Seq Scan | Sort | Projector | Projector | Text Search Scan,plans/q0216.json
q0217,count_bitmap,phrase,random_1,30,default,False,,100000,33334,100000,33334,,100,152.65158300000002,156.2057548,158.82190551000002,143.285,0.338,142.983,33334,33334,33334,0,135709,0,0,0,0,0,0,33334.0,,P1,Aggregate | Nested Loop | Seq Scan | TID Materializer | Text Search Scan,plans/q0217.json
q0218,bitmap,phrase,random_0.75,30,default,False,,100000,33334,75000,24999,,100,166.04395799999998,175.08642085,300.89011324,157.235,0.451,156.883,30,30,30,0,138063,0,0,0,0,0,8335,33334.0,,P1,Limit | Sort | Nested Loop | Seq Scan | Projector | Projector | Text Search Scan,plans/q0218.json
q0219,enumeration,phrase,random_0.75,30,default,False,,100000,33334,75000,24999,,100,52.2076665,55.8769431,57.16028209000002,47.485,0.473,47.084,30,30,30,0,2376,0,0,0,0,0,0,33334.0,,P1,Limit | ProjectSet | Seq Scan | Sort | Hash Join | CTE Scan | Hash | Projector | Text Search Scan,plans/q0219.json
q0220,subquery,phrase,random_0.75,30,default,False,,100000,33334,75000,24999,,100,163.49672900000002,169.51016635,173.77189773999999,151.85,0.354,151.524,30,30,30,0,138063,0,0,0,0,0,8335,33334.0,,P5,Limit | Seq Scan | Sort | Projector | Projector | Text Search Scan,plans/q0220.json
q0221,count_bitmap,phrase,random_0.75,30,default,False,,100000,33334,75000,24999,,100,149.98727100000002,155.1015893,157.688554,151.024,0.413,150.726,24999,24999,24999,0,135709,0,0,0,0,0,8335,33334.0,,P1,Aggregate | Nested Loop | Seq Scan | TID Materializer | Text Search Scan,plans/q0221.json
q0222,bitmap,phrase,random_0.5,30,default,False,,100000,33334,50000,16697,,100,161.497104,173.64214199999998,177.74771842,149.697,0.526,149.303,30,30,30,0,138063,0,0,0,0,0,16637,33334.0,,P1,Limit | Sort | Nested Loop | Seq Scan | Projector | Projector | Text Search Scan,plans/q0222.json
q0223,enumeration,phrase,random_0.5,30,default,False,,100000,33334,50000,16697,,100,45.057041999999996,47.9178375,55.45377958,37.78,0.443,37.459,30,30,30,0,2376,0,0,0,0,0,0,33334.0,,P1,Limit | ProjectSet | Seq Scan | Sort | Hash Join | CTE Scan | Hash | Projector | Text Search Scan,plans/q0223.json
q0224,subquery,phrase,random_0.5,30,default,False,,100000,33334,50000,16697,,100,159.7676035,164.07478545,169.00903408000002,146.524,0.36,146.19,30,30,30,0,138063,0,0,0,0,0,16637,33334.0,,P5,Limit | Seq Scan | Sort | Projector | Projector | Text Search Scan,plans/q0224.json
q0225,count_bitmap,phrase,random_0.5,30,default,False,,100000,33334,50000,16697,,100,149.0221665,156.93433155,160.4633310800001,137.767,0.364,137.45,16697,16697,16697,0,135709,0,0,0,0,0,16637,33334.0,,P1,Aggregate | Nested Loop | Seq Scan | TID Materializer | Text Search Scan,plans/q0225.json
q0226,bitmap,phrase,random_0.25,30,default,False,,100000,33334,25000,8481,,100,152.8152505,160.20978605,165.62387167000003,139.487,0.432,139.312,30,30,30,0,138027,0,0,0,0,0,24853,33334.0,,P1,Limit | Sort | Nested Loop | Seq Scan | Projector | Projector | Text Search Scan,plans/q0226.json
q0227,enumeration,phrase,random_0.25,30,default,False,,100000,33334,25000,8481,,100,39.272042,41.71657465,42.36923658,27.528,0.479,27.18,30,30,30,0,2376,0,0,0,0,0,0,33334.0,,P1,Limit | ProjectSet | Seq Scan | Sort | Hash Join | CTE Scan | Hash | Projector | Text Search Scan,plans/q0227.json
q0228,subquery,phrase,random_0.25,30,default,False,,100000,33334,25000,8481,,100,152.4291245,158.4606021,162.14940041000006,139.867,0.313,139.708,30,30,30,0,138027,0,0,0,0,0,24853,33334.0,,P5,Limit | Seq Scan | Sort | Projector | Projector | Text Search Scan,plans/q0228.json
q0229,count_bitmap,phrase,random_0.25,30,default,False,,100000,33334,25000,8481,,100,145.91916700000002,153.69671845,165.75173291000013,133.765,0.315,133.471,8481,8481,8481,0,135709,0,0,0,0,0,24853,33334.0,,P1,Aggregate | Nested Loop | Seq Scan | TID Materializer | Text Search Scan,plans/q0229.json
q0230,bitmap,phrase,random_0.1,30,default,False,,100000,33334,10000,3422,,100,140.70925,145.17741105,146.61538658000003,125.266,0.327,125.113,30,30,30,0,104209,0,0,0,0,0,29912,33334.0,,P1,Limit | Sort | Nested Loop | Seq Scan | Projector | Projector | Text Search Scan,plans/q0230.json
q0231,enumeration,phrase,random_0.1,30,default,False,,100000,33334,10000,3422,,100,34.020396000000005,38.126999999999995,39.09812375000003,22.904,0.438,22.59,30,30,30,0,2375,0,0,0,0,0,0,33334.0,,P1,Limit | ProjectSet | Seq Scan | Sort | Hash Join | CTE Scan | Hash | Projector | Text Search Scan,plans/q0231.json
q0232,subquery,phrase,random_0.1,30,default,False,,100000,33334,10000,3422,,100,140.14379100000002,145.2488979,154.33854309000006,124.954,0.384,124.765,30,30,30,0,104209,0,0,0,0,0,29912,33334.0,,P5,Limit | Seq Scan | Sort | Projector | Projector | Text Search Scan,plans/q0232.json
q0233,count_bitmap,phrase,random_0.1,30,default,False,,100000,33334,10000,3422,,100,134.0505625,137.6637497,146.13760883000003,134.735,0.481,134.424,3422,3422,3422,0,102375,0,0,0,0,0,29912,33334.0,,P1,Aggregate | Nested Loop | Seq Scan | TID Materializer | Text Search Scan,plans/q0233.json
q0234,bitmap,phrase,random_0.05,30,default,False,,100000,33334,5000,1743,,100,124.987646,128.54313365000002,130.86753542000002,110.428,0.363,110.276,30,30,30,0,103608,0,0,0,0,0,31591,33334.0,,P1,Limit | Sort | Nested Loop | Seq Scan | Projector | Projector | Text Search Scan,plans/q0234.json
q0235,enumeration,phrase,random_0.05,30,default,False,,100000,33334,5000,1743,,100,34.1807715,38.61904585,43.35751425000002,21.34,0.54,20.966,30,30,30,0,2375,0,0,0,0,0,0,33334.0,,P1,Limit | ProjectSet | Seq Scan | Sort | Hash Join | CTE Scan | Hash | Projector | Text Search Scan,plans/q0235.json
q0236,subquery,phrase,random_0.05,30,default,False,,100000,33334,5000,1743,,100,125.6550625,133.38314555,142.39690333000001,110.826,0.438,110.65,30,30,30,0,103608,0,0,0,0,0,31591,33334.0,,P5,Limit | Seq Scan | Sort | Projector | Projector | Text Search Scan,plans/q0236.json
q0237,count_bitmap,phrase,random_0.05,30,default,False,,100000,33334,5000,1743,,100,120.22283350000001,125.98334855,128.67701691000002,106.261,0.372,105.951,1743,1743,1743,0,102375,0,0,0,0,0,31591,33334.0,,P1,Aggregate | Nested Loop | Seq Scan | TID Materializer | Text Search Scan,plans/q0237.json
q0238,bitmap,phrase,random_0.01,30,default,False,,100000,33334,1000,353,,100,92.338542,94.83122295,98.71330900000007,77.55,0.416,77.384,30,30,30,0,69365,0,0,0,0,0,32981,33334.0,,P1,Limit | Sort | Nested Loop | Seq Scan | Projector | Projector | Text Search Scan,plans/q0238.json
q0239,enumeration,phrase,random_0.01,30,default,False,,100000,33334,1000,353,,100,32.093771000000004,35.4524205,37.25597700000001,19.31,0.448,18.976,30,30,30,0,2374,0,0,0,0,0,0,33334.0,,P1,Limit | ProjectSet | Seq Scan | Sort | Hash Join | CTE Scan | Hash | Projector | Text Search Scan,plans/q0239.json
q0240,subquery,phrase,random_0.01,30,default,False,,100000,33334,1000,353,,100,92.17,96.45540834999998,104.63230467,77.785,0.43,77.615,30,30,30,0,69365,0,0,0,0,0,32981,33334.0,,P5,Limit | Seq Scan | Sort | Projector | Projector | Text Search Scan,plans/q0240.json
q0241,count_bitmap,phrase,random_0.01,30,default,False,,100000,33334,1000,353,,100,88.7247705,92.78991315,98.33434492,73.543,0.381,73.244,353,353,353,0,69041,0,0,0,0,0,32981,33334.0,,P1,Aggregate | Nested Loop | Seq Scan | TID Materializer | Text Search Scan,plans/q0241.json
q0242,bitmap,phrase,random_0.001,30,default,False,,100000,33334,100,31,,100,30.701938,40.2669979,41.40122491,16.528,0.473,16.349,30,30,30,0,2403,0,0,0,0,0,33303,33334.0,,P1,Limit | Sort | Nested Loop | Seq Scan | Projector | Projector | Text Search Scan,plans/q0242.json
q0243,enumeration,phrase,random_0.001,30,default,False,,100000,33334,100,31,,100,31.866604,34.06834584999999,37.50312833000082,19.521,0.451,19.115,30,30,30,0,2372,0,0,0,0,0,0,33334.0,,P1,Limit | ProjectSet | Seq Scan | Sort | Hash Join | CTE Scan | Hash | Projector | Text Search Scan,plans/q0243.json
q0244,subquery,phrase,random_0.001,30,default,False,,100000,33334,100,31,,100,30.8429795,35.122222900000004,36.53584142,23.04,0.476,22.869,30,30,30,0,2403,0,0,0,0,0,33303,33334.0,,P5,Limit | Seq Scan | Sort | Projector | Projector | Text Search Scan,plans/q0244.json
q0245,count_bitmap,phrase,random_0.001,30,default,False,,100000,33334,100,31,,100,28.244374999999998,33.4284149,46.47414634000002,14.384,0.383,14.132,31,31,31,0,2373,0,0,0,0,0,33303,33334.0,,P1,Aggregate | Nested Loop | Seq Scan | TID Materializer | Text Search Scan,plans/q0245.json
q0246,bitmap,phrase,random_0,30,default,False,,100000,33334,0,0,,100,29.2650835,33.47760804999999,38.97444676000002,14.336,0.371,14.167,0,0,0,0,2372,0,0,0,0,0,33334,33334.0,,P1,Limit | Sort | Nested Loop | Seq Scan | Projector | Projector | Text Search Scan,plans/q0246.json
q0247,enumeration,phrase,random_0,30,default,False,,100000,33334,0,0,,100,15.957396,21.12692645,25.395210740000003,0.165,0.523,0.021,0,0,0,0,1,0,0,0,0,0,0,0,,P1,Limit | ProjectSet | Seq Scan | Sort | Hash Join | CTE Scan | Hash | Projector | Text Search Scan,plans/q0247.json
q0248,subquery,phrase,random_0,30,default,False,,100000,33334,0,0,,100,29.912208,31.8703,33.38990583000001,14.965,0.396,14.801,0,0,0,0,2372,0,0,0,0,0,33334,33334.0,,P5,Limit | Seq Scan | Sort | Projector | Projector | Text Search Scan,plans/q0248.json
q0249,count_bitmap,phrase,random_0,30,default,False,,100000,33334,0,0,,100,27.2614995,30.818951799999994,33.81106542000002,13.35,0.384,13.078,0,0,0,0,2373,0,0,0,0,0,33334,33334.0,,P1,Aggregate | Nested Loop | Seq Scan | TID Materializer | Text Search Scan,plans/q0249.json
q0250,native,phrase,random_1,30,default,False,,100000,33334,100000,33334,,100,15.812042,23.793135749999998,30.57481425000005,0.273,0.259,0.146,30,30,30,0,13,0,0,0,0,0,0,30.0,,N/A,Limit | Projector | Text Search Scan,plans/q0250.json
q0251,count_native,phrase,random_1,30,default,False,,100000,33334,100000,33334,,100,15.613458,18.2312902,18.889985590000002,0.607,0.226,0.534,33334,33334,33334,0,19,0,0,0,0,0,0,1.0,,N/A,Tin Count,plans/q0251.json
q0252,bitmap,prefix,random_1,30,default,False,,100000,100000,100000,100000,,100,496.105583,548.2524806,568.4093226700002,505.39,1.337,504.372,30,30,30,0,404982,0,0,0,0,0,0,100000.0,,P1,Limit | Sort | Nested Loop | Seq Scan | Projector | Projector | Text Search Scan,plans/q0252.json
q0253,enumeration,prefix,random_1,30,default,False,,100000,100000,100000,100000,,100,110.825729,114.5409024,116.70663991000006,114.612,1.528,113.551,30,30,30,0,2631,0,0,0,0,0,0,100000.0,,P1,Limit | ProjectSet | Seq Scan | Sort | Hash Join | CTE Scan | Hash | Projector | Text Search Scan,plans/q0253.json
q0254,subquery,prefix,random_1,30,default,False,,100000,100000,100000,100000,,100,489.4028955,537.5439104,561.8120924200001,488.835,1.237,487.827,30,30,30,0,404982,0,0,0,0,0,0,100000.0,,P5,Limit | Seq Scan | Sort | Projector | Projector | Text Search Scan,plans/q0254.json
q0255,count_bitmap,prefix,random_1,30,default,False,,100000,100000,100000,100000,,100,416.208354,452.214467,497.89757976000004,417.502,1.359,416.5,100000,100000,100000,0,402623,0,0,0,0,0,0,100000.0,,P1,Aggregate | Nested Loop | Seq Scan | TID Materializer | Text Search Scan,plans/q0255.json
q0256,bitmap,prefix,random_0.75,30,default,False,,100000,100000,75000,75000,,100,482.1802705,543.56671075,572.42933209,487.182,1.344,486.173,30,30,30,0,404982,0,0,0,0,0,25000,100000.0,,P1,Limit | Sort | Nested Loop | Seq Scan | Projector | Projector | Text Search Scan,plans/q0256.json
q0257,enumeration,prefix,random_0.75,30,default,False,,100000,100000,75000,75000,,100,101.48581250000001,106.3388646,110.43507333000001,104.197,1.396,103.236,30,30,30,0,2631,0,0,0,0,0,0,100000.0,,P1,Limit | ProjectSet | Seq Scan | Sort | Hash Join | CTE Scan | Hash | Projector | Text Search Scan,plans/q0257.json
q0258,subquery,prefix,random_0.75,30,default,False,,100000,100000,75000,75000,,100,474.597021,492.73149025,530.7008858300003,473.669,1.302,472.651,30,30,30,0,404982,0,0,0,0,0,25000,100000.0,,P5,Limit | Seq Scan | Sort | Projector | Projector | Text Search Scan,plans/q0258.json
q0259,count_bitmap,prefix,random_0.75,30,default,False,,100000,100000,75000,75000,,100,413.880479,506.03987115,507.80816009000006,409.589,1.41,408.626,75000,75000,75000,0,402623,0,0,0,0,0,25000,100000.0,,P1,Aggregate | Nested Loop | Seq Scan | TID Materializer | Text Search Scan,plans/q0259.json
q0260,bitmap,prefix,random_0.5,30,default,False,,100000,100000,50000,50000,,100,468.0435625,542.3053669999999,583.35234717,459.283,1.356,458.24,30,30,30,0,404982,0,0,0,0,0,50000,100000.0,,P1,Limit | Sort | Nested Loop | Seq Scan | Projector | Projector | Text Search Scan,plans/q0260.json
q0261,enumeration,prefix,random_0.5,30,default,False,,100000,100000,50000,50000,,100,92.6932705,97.0539268,103.24888125,92.303,1.519,91.244,30,30,30,0,2631,0,0,0,0,0,0,100000.0,,P1,Limit | ProjectSet | Seq Scan | Sort | Hash Join | CTE Scan | Hash | Projector | Text Search Scan,plans/q0261.json
q0262,subquery,prefix,random_0.5,30,default,False,,100000,100000,50000,50000,,100,456.33927100000005,479.0866961499999,522.3015941700002,453.245,1.174,452.268,30,30,30,0,404982,0,0,0,0,0,50000,100000.0,,P5,Limit | Seq Scan | Sort | Projector | Projector | Text Search Scan,plans/q0262.json
q0263,count_bitmap,prefix,random_0.5,30,default,False,,100000,100000,50000,50000,,100,403.359125,414.52008475,488.3931084200001,404.34,1.453,403.333,50000,50000,50000,0,402623,0,0,0,0,0,50000,100000.0,,P1,Aggregate | Nested Loop | Seq Scan | TID Materializer | Text Search Scan,plans/q0263.json
q0264,bitmap,prefix,random_0.25,30,default,False,,100000,100000,25000,25000,,100,443.272917,512.0623247,550.70926958,433.39,1.343,432.342,30,30,30,0,404982,0,0,0,0,0,75000,100000.0,,P1,Limit | Sort | Nested Loop | Seq Scan | Projector | Projector | Text Search Scan,plans/q0264.json
q0265,enumeration,prefix,random_0.25,30,default,False,,100000,100000,25000,25000,,100,83.860187,87.14905144999999,89.82552325000002,78.842,1.452,77.816,30,30,30,0,2631,0,0,0,0,0,0,100000.0,,P1,Limit | ProjectSet | Seq Scan | Sort | Hash Join | CTE Scan | Hash | Projector | Text Search Scan,plans/q0265.json
q0266,subquery,prefix,random_0.25,30,default,False,,100000,100000,25000,25000,,100,438.468875,452.31008959999997,480.37189940999997,428.768,1.209,427.887,30,30,30,0,404982,0,0,0,0,0,75000,100000.0,,P5,Limit | Seq Scan | Sort | Projector | Projector | Text Search Scan,plans/q0266.json
q0267,count_bitmap,prefix,random_0.25,30,default,False,,100000,100000,25000,25000,,100,401.65756250000004,453.13311665,507.87751107,393.092,1.324,392.086,25000,25000,25000,0,402623,0,0,0,0,0,75000,100000.0,,P1,Aggregate | Nested Loop | Seq Scan | TID Materializer | Text Search Scan,plans/q0267.json
q0268,bitmap,prefix,random_0.1,30,default,False,,100000,100000,10000,10000,,100,400.6470415,462.2376125,470.01065441000014,391.184,1.378,390.232,30,30,30,0,304942,0,0,0,0,0,90000,100000.0,,P1,Limit | Sort | Nested Loop | Seq Scan | Projector | Projector | Text Search Scan,plans/q0268.json
q0269,enumeration,prefix,random_0.1,30,default,False,,100000,100000,10000,10000,,100,79.91233349999999,86.27930065,89.96114908000008,72.482,1.631,71.432,30,30,30,0,2630,0,0,0,0,0,0,100000.0,,P1,Limit | ProjectSet | Seq Scan | Sort | Hash Join | CTE Scan | Hash | Projector | Text Search Scan,plans/q0269.json
q0270,subquery,prefix,random_0.1,30,default,False,,100000,100000,10000,10000,,100,398.223021,417.03428749999995,485.19138450000014,394.192,1.19,393.197,30,30,30,0,304942,0,0,0,0,0,90000,100000.0,,P5,Limit | Seq Scan | Sort | Projector | Projector | Text Search Scan,plans/q0270.json
q0271,count_bitmap,prefix,random_0.1,30,default,False,,100000,100000,10000,10000,,100,362.1427085,371.7002083,393.05777375,354.722,1.339,353.853,10000,10000,10000,0,302623,0,0,0,0,0,90000,100000.0,,P1,Aggregate | Nested Loop | Seq Scan | TID Materializer | Text Search Scan,plans/q0271.json
q0272,bitmap,prefix,random_0.05,30,default,False,,100000,100000,5000,5000,,100,356.16560400000003,451.0786319,461.37636125000006,342.4,1.251,341.864,30,30,30,0,304697,0,0,0,0,0,95000,100000.0,,P1,Limit | Sort | Nested Loop | Seq Scan | Projector | Projector | Text Search Scan,plans/q0272.json
q0273,enumeration,prefix,random_0.05,30,default,False,,100000,100000,5000,5000,,100,77.773729,82.56956695,91.12854934000006,70.683,1.589,69.67,30,30,30,0,2630,0,0,0,0,0,0,100000.0,,P1,Limit | ProjectSet | Seq Scan | Sort | Hash Join | CTE Scan | Hash | Projector | Text Search Scan,plans/q0273.json
q0274,subquery,prefix,random_0.05,30,default,False,,100000,100000,5000,5000,,100,356.74933350000003,374.55717289999996,407.7287928300001,341.628,1.203,341.075,30,30,30,0,304697,0,0,0,0,0,95000,100000.0,,P5,Limit | Seq Scan | Sort | Projector | Projector | Text Search Scan,plans/q0274.json
q0275,count_bitmap,prefix,random_0.05,30,default,False,,100000,100000,5000,5000,,100,322.55954199999996,409.3949622,423.28064142,310.59,1.601,309.598,5000,5000,5000,0,302623,0,0,0,0,0,95000,100000.0,,P1,Aggregate | Nested Loop | Seq Scan | TID Materializer | Text Search Scan,plans/q0275.json
q0276,bitmap,prefix,random_0.01,30,default,False,,100000,100000,1000,1000,,100,256.993375,301.8630202,335.70143101000014,242.498,1.409,241.956,30,30,30,0,203431,0,0,0,0,0,99000,100000.0,,P1,Limit | Sort | Nested Loop | Seq Scan | Projector | Projector | Text Search Scan,plans/q0276.json
q0277,enumeration,prefix,random_0.01,30,default,False,,100000,100000,1000,1000,,100,75.891625,80.45119615,85.17329101000003,68.501,1.508,67.59,30,30,30,0,2629,0,0,0,0,0,0,100000.0,,P1,Limit | ProjectSet | Seq Scan | Sort | Hash Join | CTE Scan | Hash | Projector | Text Search Scan,plans/q0277.json
q0278,subquery,prefix,random_0.01,30,default,False,,100000,100000,1000,1000,,100,257.7268125,278.9625372,354.42926,245.797,1.259,245.187,30,30,30,0,203431,0,0,0,0,0,99000,100000.0,,P5,Limit | Seq Scan | Sort | Projector | Projector | Text Search Scan,plans/q0278.json
q0279,count_bitmap,prefix,random_0.01,30,default,False,,100000,100000,1000,1000,,100,226.5396455,239.030367,257.62976958,216.804,1.521,215.884,1000,1000,1000,0,202623,0,0,0,0,0,99000,100000.0,,P1,Aggregate | Nested Loop | Seq Scan | TID Materializer | Text Search Scan,plans/q0279.json
q0280,bitmap,prefix,random_0.001,30,default,False,,100000,100000,100,100,,100,72.5788545,77.4181229,82.41326750000006,59.724,1.274,59.181,30,30,30,0,2726,0,0,0,0,0,99900,100000.0,,P1,Limit | Sort | Nested Loop | Seq Scan | Projector | Projector | Text Search Scan,plans/q0280.json
q0281,enumeration,prefix,random_0.001,30,default,False,,100000,100000,100,100,,100,75.366771,78.49671395,81.29225008000003,67.248,1.645,66.187,30,30,30,0,2627,0,0,0,0,0,0,100000.0,,P1,Limit | ProjectSet | Seq Scan | Sort | Hash Join | CTE Scan | Hash | Projector | Text Search Scan,plans/q0281.json
q0282,subquery,prefix,random_0.001,30,default,False,,100000,100000,100,100,,100,70.88889599999999,74.74290385,81.13543684,59.936,1.139,59.34,30,30,30,0,2726,0,0,0,0,0,99900,100000.0,,P5,Limit | Seq Scan | Sort | Projector | Projector | Text Search Scan,plans/q0282.json
q0283,count_bitmap,prefix,random_0.001,30,default,False,,100000,100000,100,100,,100,48.850834,53.11690479999999,55.31358541,37.231,1.461,36.218,100,100,100,0,2623,0,0,0,0,0,99900,100000.0,,P1,Aggregate | Nested Loop | Seq Scan | TID Materializer | Text Search Scan,plans/q0283.json
q0284,bitmap,prefix,random_0,30,default,False,,100000,100000,0,0,,100,66.613229,69.64880980000001,72.30787634000002,55.302,1.28,54.787,0,0,0,0,2627,0,0,0,0,0,100000,100000.0,,P1,Limit | Sort | Nested Loop | Seq Scan | Projector | Projector | Text Search Scan,plans/q0284.json
q0285,enumeration,prefix,random_0,30,default,False,,100000,100000,0,0,,100,17.801167,19.0811583,20.03780583000001,0.55,1.5,0.02,0,0,0,0,1,0,0,0,0,0,0,0,,P1,Limit | ProjectSet | Seq Scan | Sort | Hash Join | CTE Scan | Hash | Projector | Text Search Scan,plans/q0285.json
q0286,subquery,prefix,random_0,30,default,False,,100000,100000,0,0,,100,65.862333,70.6215753,79.86282842000003,54.281,1.309,53.726,0,0,0,0,2627,0,0,0,0,0,100000,100000.0,,P5,Limit | Seq Scan | Sort | Projector | Projector | Text Search Scan,plans/q0286.json
q0287,count_bitmap,prefix,random_0,30,default,False,,100000,100000,0,0,,100,43.72325,47.798008949999996,51.52064000000001,30.86,1.324,29.857,0,0,0,0,2623,0,0,0,0,0,100000,100000.0,,P1,Aggregate | Nested Loop | Seq Scan | TID Materializer | Text Search Scan,plans/q0287.json
q0288,native,prefix,random_1,30,default,False,,100000,100000,100000,100000,,100,46.328312999999994,48.409716350000004,50.186270500000035,29.729,1.15,29.199,30,30,30,0,145,0,0,0,0,0,0,30.0,,N/A,Limit | Projector | Text Search Scan,plans/q0288.json
q0289,count_native,prefix,random_1,30,default,False,,100000,100000,100000,100000,,100,18.853479,22.00850385,23.314373330000002,2.059,1.05,1.819,100000,100000,100000,0,269,0,0,0,0,0,0,1.0,,N/A,Tin Count,plans/q0289.json
q0290,bitmap,rare,random_1,30,full,False,,100000,486,100000,486,,100,18.128875,20.95445,21.800452330000002,3.172,0.388,3.038,30,30,30,0,2833,0,0,0,0,0,0,486.0,,P1,Limit | Sort | Nested Loop | Seq Scan | Projector | Projector | Text Search Scan,plans/q0290.json
q0291,enumeration,rare,random_1,30,full,False,,100000,486,100000,486,,100,36.642438,40.2169976,42.86056467,28.33,0.336,28.205,30,30,30,0,454,0,0,0,0,0,0,486.0,,P1,Limit | ProjectSet | Seq Scan | Sort | Hash Join | CTE Scan | Hash | Projector | Text Search Scan,plans/q0291.json
q0292,subquery,rare,random_1,30,full,False,,100000,486,100000,486,,100,18.4671875,21.7869021,23.651177170000114,3.126,0.34,2.982,30,30,30,0,2833,0,0,0,0,0,0,486.0,,P5,Limit | Seq Scan | Sort | Projector | Projector | Text Search Scan,plans/q0292.json
q0293,count_bitmap,rare,random_1,30,full,False,,100000,486,100000,486,,100,18.325854,21.524806249999997,23.74750417000002,2.466,0.361,2.361,486,486,486,0,2390,0,0,0,0,0,0,486.0,,P1,Aggregate | Nested Loop | Seq Scan | TID Materializer | Text Search Scan,plans/q0293.json
q0294,bitmap,rare,random_0.75,30,full,False,,100000,486,75000,365,,100,18.3552295,21.95527565,22.731475660000022,3.069,0.329,2.903,30,30,30,0,2731,0,0,0,0,0,121,486.0,,P1,Limit | Sort | Nested Loop | Seq Scan | Projector | Projector | Text Search Scan,plans/q0294.json
q0295,enumeration,rare,random_0.75,30,full,False,,100000,486,75000,365,,100,30.979062,33.390710750000004,37.14343650000003,22.3,0.443,22.131,30,30,30,0,454,0,0,0,0,0,0,486.0,,P1,Limit | ProjectSet | Seq Scan | Sort | Hash Join | CTE Scan | Hash | Projector | Text Search Scan,plans/q0295.json
q0296,subquery,rare,random_0.75,30,full,False,,100000,486,75000,365,,100,18.7403335,20.919024399999998,25.93229051,2.974,0.306,2.855,30,30,30,0,2731,0,0,0,0,0,121,486.0,,P5,Limit | Seq Scan | Sort | Projector | Projector | Text Search Scan,plans/q0296.json
q0297,count_bitmap,rare,random_0.75,30,full,False,,100000,486,75000,365,,100,19.534833499999998,23.59105625,33.40686334,2.397,0.31,2.308,365,365,365,0,2390,0,0,0,0,0,121,486.0,,P1,Aggregate | Nested Loop | Seq Scan | TID Materializer | Text Search Scan,plans/q0297.json
q0298,bitmap,rare,random_0.5,30,full,False,,100000,486,50000,244,,100,18.954667,23.149482699999997,25.85703324000001,3.007,0.438,2.863,30,30,30,0,2631,0,0,0,0,0,242,486.0,,P1,Limit | Sort | Nested Loop | Seq Scan | Projector | Projector | Text Search Scan,plans/q0298.json
q0299,enumeration,rare,random_0.5,30,full,False,,100000,486,50000,244,,100,26.627979,28.8714351,30.16791517000003,14.98,0.59,14.793,30,30,30,0,454,0,0,0,0,0,0,486.0,,P1,Limit | ProjectSet | Seq Scan | Sort | Hash Join | CTE Scan | Hash | Projector | Text Search Scan,plans/q0299.json
q0300,subquery,rare,random_0.5,30,full,False,,100000,486,50000,244,,100,18.1708955,22.465573249999995,25.057785750000015,2.872,0.268,2.759,30,30,30,0,2631,0,0,0,0,0,242,486.0,,P5,Limit | Seq Scan | Sort | Projector | Projector | Text Search Scan,plans/q0300.json
q0301,count_bitmap,rare,random_0.5,30,full,False,,100000,486,50000,244,,100,18.462354,24.42653575,155.95591684000001,2.387,0.381,2.283,244,244,244,0,2390,0,0,0,0,0,242,486.0,,P1,Aggregate | Nested Loop | Seq Scan | TID Materializer | Text Search Scan,plans/q0301.json
q0302,bitmap,rare,random_0.25,30,full,False,,100000,486,25000,126,,100,18.069958,21.7939619,23.102630000000037,2.771,0.296,2.654,30,30,30,0,2518,0,0,0,0,0,360,486.0,,P1,Limit | Sort | Nested Loop | Seq Scan | Projector | Projector | Text Search Scan,plans/q0302.json
q0303,enumeration,rare,random_0.25,30,full,False,,100000,486,25000,126,,100,21.1327295,25.706983049999998,32.393807740000085,7.939,0.421,7.797,30,30,30,0,454,0,0,0,0,0,0,486.0,,P1,Limit | ProjectSet | Seq Scan | Sort | Hash Join | CTE Scan | Hash | Projector | Text Search Scan,plans/q0303.json
q0304,subquery,rare,random_0.25,30,full,False,,100000,486,25000,126,,100,18.9603125,25.178429499999996,29.893304170000082,2.936,0.456,2.784,30,30,30,0,2518,0,0,0,0,0,360,486.0,,P5,Limit | Seq Scan | Sort | Projector | Projector | Text Search Scan,plans/q0304.json
q0305,count_bitmap,rare,random_0.25,30,full,False,,100000,486,25000,126,,100,17.9657915,20.888781899999998,21.98802991000001,2.395,0.308,2.3,126,126,126,0,2390,0,0,0,0,0,360,486.0,,P1,Aggregate | Nested Loop | Seq Scan | TID Materializer | Text Search Scan,plans/q0305.json
q0306,bitmap,rare,random_0.1,30,full,False,,100000,486,10000,38,,100,18.3102915,20.90688155,27.65146283000001,2.519,0.352,2.386,30,30,30,0,1946,0,0,0,0,0,448,486.0,,P1,Limit | Sort | Nested Loop | Seq Scan | Projector | Projector | Text Search Scan,plans/q0306.json
q0307,enumeration,rare,random_0.1,30,full,False,,100000,486,10000,38,,100,18.0681875,20.0471378,21.647639590000008,3.794,0.49,3.646,30,30,30,0,453,0,0,0,0,0,0,486.0,,P1,Limit | ProjectSet | Seq Scan | Sort | Hash Join | CTE Scan | Hash | Projector | Text Search Scan,plans/q0307.json
q0308,subquery,rare,random_0.1,30,full,False,,100000,486,10000,38,,100,18.146146,20.9325625,22.422674590000057,2.521,0.32,2.392,30,30,30,0,1946,0,0,0,0,0,448,486.0,,P5,Limit | Seq Scan | Sort | Projector | Projector | Text Search Scan,plans/q0308.json
q0309,count_bitmap,rare,random_0.1,30,full,False,,100000,486,10000,38,,100,17.966124999999998,21.5365702,25.33665233000004,2.194,0.361,2.092,38,38,38,0,1904,0,0,0,0,0,448,486.0,,P1,Aggregate | Nested Loop | Seq Scan | TID Materializer | Text Search Scan,plans/q0309.json
q0310,bitmap,rare,random_0.05,30,full,False,,100000,486,5000,18,,100,17.871979,20.15915835,22.62376167000001,2.288,0.352,2.159,18,18,18,0,1926,0,0,0,0,0,468,486.0,,P1,Limit | Sort | Nested Loop | Seq Scan | Projector | Projector | Text Search Scan,plans/q0310.json
q0311,enumeration,rare,random_0.05,30,full,False,,100000,486,5000,18,,100,17.8851665,20.091677099999995,24.827529580000665,2.35,0.434,2.21,18,18,18,0,453,0,0,0,0,0,0,486.0,,P1,Limit | ProjectSet | Seq Scan | Sort | Hash Join | CTE Scan | Hash | Projector | Text Search Scan,plans/q0311.json
q0312,subquery,rare,random_0.05,30,full,False,,100000,486,5000,18,,100,18.3828745,20.7903125,23.387862080000023,2.275,0.343,2.153,18,18,18,0,1926,0,0,0,0,0,468,486.0,,P5,Limit | Seq Scan | Sort | Projector | Projector | Text Search Scan,plans/q0312.json
q0313,count_bitmap,rare,random_0.05,30,full,False,,100000,486,5000,18,,100,17.9915625,19.70914795,21.643369160000006,1.954,0.258,1.855,18,18,18,0,1904,0,0,0,0,0,468,486.0,,P1,Aggregate | Nested Loop | Seq Scan | TID Materializer | Text Search Scan,plans/q0313.json
q0314,bitmap,rare,random_0.01,30,full,False,,100000,486,1000,6,,100,18.433021,20.723599999999998,28.415186070000185,1.951,0.436,1.805,6,6,6,0,1428,0,0,0,0,0,480,486.0,,P1,Limit | Sort | Nested Loop | Seq Scan | Projector | Projector | Text Search Scan,plans/q0314.json
q0315,enumeration,rare,random_0.01,30,full,False,,100000,486,1000,6,,100,17.028166,19.5398021,21.81164658,1.256,0.45,1.118,6,6,6,0,452,0,0,0,0,0,0,486.0,,P1,Limit | ProjectSet | Seq Scan | Sort | Hash Join | CTE Scan | Hash | Projector | Text Search Scan,plans/q0315.json
q0316,subquery,rare,random_0.01,30,full,False,,100000,486,1000,6,,100,17.767270500000002,19.39018685,22.07066834,1.835,0.342,1.677,6,6,6,0,1428,0,0,0,0,0,480,486.0,,P5,Limit | Seq Scan | Sort | Projector | Projector | Text Search Scan,plans/q0316.json
q0317,count_bitmap,rare,random_0.01,30,full,False,,100000,486,1000,6,,100,17.959041499999998,20.9335503,23.256489669999997,1.537,0.3,1.402,6,6,6,0,1418,0,0,0,0,0,480,486.0,,P1,Aggregate | Nested Loop | Seq Scan | TID Materializer | Text Search Scan,plans/q0317.json
q0318,bitmap,rare,random_0.001,30,full,False,,100000,486,100,0,,100,17.164791,21.390122599999998,22.432885000000027,0.808,0.37,0.68,0,0,0,0,450,0,0,0,0,0,486,486.0,,P1,Limit | Sort | Nested Loop | Seq Scan | Projector | Projector | Text Search Scan,plans/q0318.json
q0319,enumeration,rare,random_0.001,30,full,False,,100000,486,100,0,,100,16.0354165,18.068633,18.785311250000007,0.956,0.383,0.835,0,0,0,0,450,0,0,0,0,0,0,486.0,,P1,Limit | ProjectSet | Seq Scan | Sort | Hash Join | CTE Scan | Hash | Projector | Text Search Scan,plans/q0319.json
q0320,subquery,rare,random_0.001,30,full,False,,100000,486,100,0,,100,16.6389585,18.874337499999996,21.73459434,0.927,0.313,0.811,0,0,0,0,450,0,0,0,0,0,486,486.0,,P5,Limit | Seq Scan | Sort | Projector | Projector | Text Search Scan,plans/q0320.json
q0321,count_bitmap,rare,random_0.001,30,full,False,,100000,486,100,0,,100,15.8782505,18.984570849999997,21.41526393,0.663,0.369,0.565,0,0,0,0,446,0,0,0,0,0,486,486.0,,P1,Aggregate | Nested Loop | Seq Scan | TID Materializer | Text Search Scan,plans/q0321.json
q0322,bitmap,rare,random_0,30,full,False,,100000,486,0,0,,100,15.8905625,18.45251425,21.461590420000004,0.82,0.279,0.692,0,0,0,0,450,0,0,0,0,0,486,486.0,,P1,Limit | Sort | Nested Loop | Seq Scan | Projector | Projector | Text Search Scan,plans/q0322.json
q0323,enumeration,rare,random_0,30,full,False,,100000,486,0,0,,100,16.280229499999997,19.4313854,19.94932358,0.146,0.45,0.021,0,0,0,0,1,0,0,0,0,0,0,0,,P1,Limit | ProjectSet | Seq Scan | Sort | Hash Join | CTE Scan | Hash | Projector | Text Search Scan,plans/q0323.json
q0324,subquery,rare,random_0,30,full,False,,100000,486,0,0,,100,16.1084165,18.694076449999997,23.388678510000055,0.919,0.317,0.764,0,0,0,0,450,0,0,0,0,0,486,486.0,,P5,Limit | Seq Scan | Sort | Projector | Projector | Text Search Scan,plans/q0324.json
q0325,count_bitmap,rare,random_0,30,full,False,,100000,486,0,0,,100,15.980125000000001,19.703926449999997,21.45387333,0.622,0.385,0.523,0,0,0,0,446,0,0,0,0,0,486,486.0,,P1,Aggregate | Nested Loop | Seq Scan | TID Materializer | Text Search Scan,plans/q0325.json
q0326,native,rare,random_1,30,full,False,,100000,486,100000,486,,100,15.6313335,17.987102399999998,21.15444366000001,0.245,0.228,0.109,30,30,30,0,35,0,0,0,0,0,0,30.0,,N/A,Limit | Projector | Text Search Scan,plans/q0326.json
q0327,count_native,rare,random_1,30,full,False,,100000,486,100000,486,,100,15.738687500000001,23.781766049999998,31.075707750000067,0.12,0.273,0.047,486,486,486,0,8,0,0,0,0,0,0,1.0,,N/A,Tin Count,plans/q0327.json
q0328,bitmap,medium,random_1,30,full,False,,100000,20079,100000,20079,,100,113.5736455,125.52307565,128.86881117000004,101.516,0.319,101.218,30,30,30,0,85038,0,0,0,0,0,0,20079.0,,P1,Limit | Sort | Nested Loop | Seq Scan | Projector | Projector | Text Search Scan,plans/q0328.json
q0329,enumeration,medium,random_1,30,full,False,,100000,20079,100000,20079,,100,52.416,56.057910099999994,63.41959875000002,47.086,0.395,46.802,30,30,30,0,2371,0,0,0,0,0,0,20079.0,,P1,Limit | ProjectSet | Seq Scan | Sort | Hash Join | CTE Scan | Hash | Projector | Text Search Scan,plans/q0329.json
q0330,subquery,medium,random_1,30,full,False,,100000,20079,100000,20079,,100,110.9010625,115.47486729999999,120.29765375000001,98.749,0.258,98.397,30,30,30,0,85038,0,0,0,0,0,0,20079.0,,P5,Limit | Seq Scan | Sort | Projector | Projector | Text Search Scan,plans/q0330.json
q0331,count_bitmap,medium,random_1,30,full,False,,100000,20079,100000,20079,,100,98.4313335,114.70229789999999,132.05186783000016,85.336,0.416,85.04,20079,20079,20079,0,82679,0,0,0,0,0,0,20079.0,,P1,Aggregate | Nested Loop | Seq Scan | TID Materializer | Text Search Scan,plans/q0331.json
q0332,bitmap,medium,random_0.75,30,full,False,,100000,20079,75000,14977,,100,109.913854,117.57511635,122.76439059,96.896,0.408,96.558,30,30,30,0,85038,0,0,0,0,0,5102,20079.0,,P1,Limit | Sort | Nested Loop | Seq Scan | Projector | Projector | Text Search Scan,plans/q0332.json
q0333,enumeration,medium,random_0.75,30,full,False,,100000,20079,75000,14977,,100,46.48375,50.99167085,53.15016767,40.373,0.441,40.027,30,30,30,0,2371,0,0,0,0,0,0,20079.0,,P1,Limit | ProjectSet | Seq Scan | Sort | Hash Join | CTE Scan | Hash | Projector | Text Search Scan,plans/q0333.json
q0334,subquery,medium,random_0.75,30,full,False,,100000,20079,75000,14977,,100,108.502125,112.30910654999998,123.42974658000011,94.345,0.326,94.04,30,30,30,0,85038,0,0,0,0,0,5102,20079.0,,P5,Limit | Seq Scan | Sort | Projector | Projector | Text Search Scan,plans/q0334.json
q0335,count_bitmap,medium,random_0.75,30,full,False,,100000,20079,75000,14977,,100,96.941979,100.23831845000001,106.54501074000001,83.465,0.347,83.201,14977,14977,14977,0,82679,0,0,0,0,0,5102,20079.0,,P1,Aggregate | Nested Loop | Seq Scan | TID Materializer | Text Search Scan,plans/q0335.json
q0336,bitmap,medium,random_0.5,30,full,False,,100000,20079,50000,9965,,100,106.0929165,110.30328895,118.92224941000002,91.889,0.337,91.571,30,30,30,0,85015,0,0,0,0,0,10114,20079.0,,P1,Limit | Sort | Nested Loop | Seq Scan | Projector | Projector | Text Search Scan,plans/q0336.json
q0337,enumeration,medium,random_0.5,30,full,False,,100000,20079,50000,9965,,100,39.571646,42.072977099999996,42.722499080000006,32.309,0.632,31.875,30,30,30,0,2371,0,0,0,0,0,0,20079.0,,P1,Limit | ProjectSet | Seq Scan | Sort | Hash Join | CTE Scan | Hash | Projector | Text Search Scan,plans/q0337.json
q0338,subquery,medium,random_0.5,30,full,False,,100000,20079,50000,9965,,100,106.04249999999999,113.36515385,117.65857741,90.885,0.365,90.55,30,30,30,0,85015,0,0,0,0,0,10114,20079.0,,P5,Limit | Seq Scan | Sort | Projector | Projector | Text Search Scan,plans/q0338.json
q0339,count_bitmap,medium,random_0.5,30,full,False,,100000,20079,50000,9965,,100,95.11447899999999,99.58785065,105.63188333000062,81.916,0.344,81.656,9965,9965,9965,0,82679,0,0,0,0,0,10114,20079.0,,P1,Aggregate | Nested Loop | Seq Scan | TID Materializer | Text Search Scan,plans/q0339.json
q0340,bitmap,medium,random_0.25,30,full,False,,100000,20079,25000,4937,,100,101.9742705,105.0091271,107.00988226000007,88.249,0.397,88.086,30,30,30,0,84762,0,0,0,0,0,15142,20079.0,,P1,Limit | Sort | Nested Loop | Seq Scan | Projector | Projector | Text Search Scan,plans/q0340.json
q0341,enumeration,medium,random_0.25,30,full,False,,100000,20079,25000,4937,,100,34.373292,37.958947949999995,38.31102233,22.411,0.433,22.106,30,30,30,0,2371,0,0,0,0,0,0,20079.0,,P1,Limit | ProjectSet | Seq Scan | Sort | Hash Join | CTE Scan | Hash | Projector | Text Search Scan,plans/q0341.json
q0342,subquery,medium,random_0.25,30,full,False,,100000,20079,25000,4937,,100,100.8661455,103.70654230000001,106.12376601000003,87.635,0.369,87.459,30,30,30,0,84762,0,0,0,0,0,15142,20079.0,,P5,Limit | Seq Scan | Sort | Projector | Projector | Text Search Scan,plans/q0342.json
q0343,count_bitmap,medium,random_0.25,30,full,False,,100000,20079,25000,4937,,100,93.8666455,96.34035449999999,99.11905232000004,81.108,0.298,80.824,4937,4937,4937,0,82679,0,0,0,0,0,15142,20079.0,,P1,Aggregate | Nested Loop | Seq Scan | TID Materializer | Text Search Scan,plans/q0343.json
q0344,bitmap,medium,random_0.1,30,full,False,,100000,20079,10000,1926,,100,93.456104,97.5955077,100.09545274000001,77.592,0.329,77.436,30,30,30,0,63922,0,0,0,0,0,18153,20079.0,,P1,Limit | Sort | Nested Loop | Seq Scan | Projector | Projector | Text Search Scan,plans/q0344.json
q0345,enumeration,medium,random_0.1,30,full,False,,100000,20079,10000,1926,,100,30.571729,33.5313101,35.260858090000006,18.092,0.37,17.808,30,30,30,0,2370,0,0,0,0,0,0,20079.0,,P1,Limit | ProjectSet | Seq Scan | Sort | Hash Join | CTE Scan | Hash | Projector | Text Search Scan,plans/q0345.json
q0346,subquery,medium,random_0.1,30,full,False,,100000,20079,10000,1926,,100,92.691458,95.68756284999999,98.28779875000001,77.167,0.42,76.992,30,30,30,0,63922,0,0,0,0,0,18153,20079.0,,P5,Limit | Seq Scan | Sort | Projector | Projector | Text Search Scan,plans/q0346.json
q0347,count_bitmap,medium,random_0.1,30,full,False,,100000,20079,10000,1926,,100,87.6909585,90.60870385,91.70572959,73.217,0.442,72.925,1926,1926,1926,0,62600,0,0,0,0,0,18153,20079.0,,P1,Aggregate | Nested Loop | Seq Scan | TID Materializer | Text Search Scan,plans/q0347.json
q0348,bitmap,medium,random_0.05,30,full,False,,100000,20079,5000,939,,100,84.6304795,90.54657529999999,95.30239833,68.97,0.368,68.816,30,30,30,0,63365,0,0,0,0,0,19140,20079.0,,P1,Limit | Sort | Nested Loop | Seq Scan | Projector | Projector | Text Search Scan,plans/q0348.json
q0349,enumeration,medium,random_0.05,30,full,False,,100000,20079,5000,939,,100,29.749333,32.5654444,34.92550926,15.726,0.454,15.411,30,30,30,0,2370,0,0,0,0,0,0,20079.0,,P1,Limit | ProjectSet | Seq Scan | Sort | Hash Join | CTE Scan | Hash | Projector | Text Search Scan,plans/q0349.json
q0350,subquery,medium,random_0.05,30,full,False,,100000,20079,5000,939,,100,84.4868755,88.8837351,91.63591074000001,68.575,0.331,68.421,30,30,30,0,63365,0,0,0,0,0,19140,20079.0,,P5,Limit | Seq Scan | Sort | Projector | Projector | Text Search Scan,plans/q0350.json
q0351,count_bitmap,medium,random_0.05,30,full,False,,100000,20079,5000,939,,100,78.862167,81.04983539999999,91.34028408,63.929,0.344,63.657,939,939,939,0,62600,0,0,0,0,0,19140,20079.0,,P1,Aggregate | Nested Loop | Seq Scan | TID Materializer | Text Search Scan,plans/q0351.json
q0352,bitmap,medium,random_0.01,30,full,False,,100000,20079,1000,198,,100,64.77445850000001,76.75590835000001,92.65705384000003,49.307,0.352,49.148,30,30,30,0,42717,0,0,0,0,0,19881,20079.0,,P1,Limit | Sort | Nested Loop | Seq Scan | Projector | Projector | Text Search Scan,plans/q0352.json
q0353,enumeration,medium,random_0.01,30,full,False,,100000,20079,1000,198,,100,27.855249999999998,31.8909896,35.63318375000002,14.667,0.465,14.339,30,30,30,0,2369,0,0,0,0,0,0,20079.0,,P1,Limit | ProjectSet | Seq Scan | Sort | Hash Join | CTE Scan | Hash | Projector | Text Search Scan,plans/q0353.json
q0354,subquery,medium,random_0.01,30,full,False,,100000,20079,1000,198,,100,64.45108350000001,68.5040482,78.07768492000011,48.852,0.347,48.693,30,30,30,0,42717,0,0,0,0,0,19881,20079.0,,P5,Limit | Seq Scan | Sort | Projector | Projector | Text Search Scan,plans/q0354.json
q0355,count_bitmap,medium,random_0.01,30,full,False,,100000,20079,1000,198,,100,59.3121875,61.71366605,62.55333857000002,43.912,0.336,43.647,198,198,198,0,42521,0,0,0,0,0,19881,20079.0,,P1,Aggregate | Nested Loop | Seq Scan | TID Materializer | Text Search Scan,plans/q0355.json
q0356,bitmap,medium,random_0.001,30,full,False,,100000,20079,100,21,,100,27.2760835,28.96497325,30.404422420000028,12.296,0.379,12.149,21,21,21,0,2388,0,0,0,0,0,20058,20079.0,,P1,Limit | Sort | Nested Loop | Seq Scan | Projector | Projector | Text Search Scan,plans/q0356.json
q0357,enumeration,medium,random_0.001,30,full,False,,100000,20079,100,21,,100,28.0805415,37.998407699999994,47.33316709000072,13.878,0.401,13.615,21,21,21,0,2367,0,0,0,0,0,0,20079.0,,P1,Limit | ProjectSet | Seq Scan | Sort | Hash Join | CTE Scan | Hash | Projector | Text Search Scan,plans/q0357.json
q0358,subquery,medium,random_0.001,30,full,False,,100000,20079,100,21,,100,27.2187505,29.7378896,30.693384160000015,12.624,0.326,12.483,21,21,21,0,2388,0,0,0,0,0,20058,20079.0,,P5,Limit | Seq Scan | Sort | Projector | Projector | Text Search Scan,plans/q0358.json
q0359,count_bitmap,medium,random_0.001,30,full,False,,100000,20079,100,21,,100,23.938457999999997,26.095424700000002,27.477317670000005,9.251,0.321,8.994,21,21,21,0,2363,0,0,0,0,0,20058,20079.0,,P1,Aggregate | Nested Loop | Seq Scan | TID Materializer | Text Search Scan,plans/q0359.json
q0360,bitmap,medium,random_0,30,full,False,,100000,20079,0,0,,100,25.252375,29.79207885,33.64680075000001,11.052,0.375,10.917,0,0,0,0,2367,0,0,0,0,0,20079,20079.0,,P1,Limit | Sort | Nested Loop | Seq Scan | Projector | Projector | Text Search Scan,plans/q0360.json
q0361,enumeration,medium,random_0,30,full,False,,100000,20079,0,0,,100,15.052375000000001,17.5359205,19.019318250000012,0.182,0.452,0.024,0,0,0,0,1,0,0,0,0,0,0,0,,P1,Limit | ProjectSet | Seq Scan | Sort | Hash Join | CTE Scan | Hash | Projector | Text Search Scan,plans/q0361.json
q0362,subquery,medium,random_0,30,full,False,,100000,20079,0,0,,100,24.778021,28.1994809,31.00866491,10.901,0.23,10.798,0,0,0,0,2367,0,0,0,0,0,20079,20079.0,,P5,Limit | Seq Scan | Sort | Projector | Projector | Text Search Scan,plans/q0362.json
q0363,count_bitmap,medium,random_0,30,full,False,,100000,20079,0,0,,100,23.624312,25.659753849999998,26.177792500000006,8.15,0.348,7.92,0,0,0,0,2363,0,0,0,0,0,20079,20079.0,,P1,Aggregate | Nested Loop | Seq Scan | TID Materializer | Text Search Scan,plans/q0363.json
q0364,native,medium,random_1,30,full,False,,100000,20079,100000,20079,,100,15.905688,18.8987125,30.31341117000001,0.239,0.223,0.111,30,30,30,0,34,0,0,0,0,0,0,30.0,,N/A,Limit | Projector | Text Search Scan,plans/q0364.json
q0365,count_native,medium,random_1,30,full,False,,100000,20079,100000,20079,,100,15.172479,17.884462799999998,18.964606080000006,0.106,0.266,0.04,20079,20079,20079,0,9,0,0,0,0,0,0,1.0,,N/A,Tin Count,plans/q0365.json
q0366,bitmap,broad,random_1,30,full,False,,100000,79835,100000,79835,,100,384.496437,408.6890577,456.18208476,390.25,0.362,389.923,30,30,30,0,324077,0,0,0,0,0,0,79835.0,,P1,Limit | Sort | Nested Loop | Seq Scan | Projector | Projector | Text Search Scan,plans/q0366.json
q0367,enumeration,broad,random_1,30,full,False,,100000,79835,100000,79835,,100,1241.2862289999998,1281.45291525,1303.43518408,1253.663,0.499,1253.273,30,30,30,0,1401495,0,0,0,0,0,0,80000.0,,P3,Limit | ProjectSet | Seq Scan | Sort | Nested Loop | CTE Scan | Projector | Projector | Conjunction Scan | Text Search Scan | Index TID Probe,plans/q0367.json
q0368,subquery,broad,random_1,30,full,False,,100000,79835,100000,79835,,100,376.997084,383.69932289999997,407.0074934200003,375.532,0.312,375.23,30,30,30,0,324077,0,0,0,0,0,0,79835.0,,P5,Limit | Seq Scan | Sort | Projector | Projector | Text Search Scan,plans/q0368.json
q0369,count_bitmap,broad,random_1,30,full,False,,100000,79835,100000,79835,,100,330.868875,342.1045482,407.7197825000001,331.139,0.348,330.86,79835,79835,79835,0,321705,0,0,0,0,0,0,79835.0,,P1,Aggregate | Nested Loop | Seq Scan | TID Materializer | Text Search Scan,plans/q0369.json
q0370,bitmap,broad,random_0.75,30,full,False,,100000,79835,75000,59836,,100,373.3072915,381.36729375,389.92550384000003,370.028,0.381,369.697,30,30,30,0,324077,0,0,0,0,0,19999,79835.0,,P1,Limit | Sort | Nested Loop | Seq Scan | Projector | Projector | Text Search Scan,plans/q0370.json
q0371,enumeration,broad,random_0.75,30,full,False,,100000,79835,75000,59836,,100,940.8463755,1023.75316665,1041.1912642500001,945.851,0.503,945.461,30,30,30,0,1050952,0,0,0,0,0,0,60000.0,,P3,Limit | ProjectSet | Seq Scan | Sort | Nested Loop | CTE Scan | Projector | Projector | Conjunction Scan | Text Search Scan | Index TID Probe,plans/q0371.json
q0372,subquery,broad,random_0.75,30,full,False,,100000,79835,75000,59836,,100,370.850604,448.2281229,452.2730760700001,362.709,0.372,362.389,30,30,30,0,324077,0,0,0,0,0,19999,79835.0,,P5,Limit | Seq Scan | Sort | Projector | Projector | Text Search Scan,plans/q0372.json
q0373,count_bitmap,broad,random_0.75,30,full,False,,100000,79835,75000,59836,,100,323.29927050000003,328.71937225,335.5388266700002,323.149,0.281,322.855,59836,59836,59836,0,321705,0,0,0,0,0,19999,79835.0,,P1,Aggregate | Nested Loop | Seq Scan | TID Materializer | Text Search Scan,plans/q0373.json
q0374,bitmap,broad,random_0.5,30,full,False,,100000,79835,50000,39854,,100,360.5799165,372.6534604,402.75902633,353.893,0.383,353.56,30,30,30,0,324077,0,0,0,0,0,39981,79835.0,,P1,Limit | Sort | Nested Loop | Seq Scan | Projector | Projector | Text Search Scan,plans/q0374.json
q0375,enumeration,broad,random_0.5,30,full,False,,100000,79835,50000,39854,,100,634.1872085,701.78658925,717.2760315800001,629.795,0.458,629.404,30,30,30,0,700129,0,0,0,0,0,0,40000.0,,P3,Limit | ProjectSet | Seq Scan | Sort | Nested Loop | CTE Scan | Projector | Projector | Conjunction Scan | Text Search Scan | Index TID Probe,plans/q0375.json
q0376,subquery,broad,random_0.5,30,full,False,,100000,79835,50000,39854,,100,356.50995850000004,377.68962085,410.57394533000013,349.118,0.422,348.799,30,30,30,0,324077,0,0,0,0,0,39981,79835.0,,P5,Limit | Seq Scan | Sort | Projector | Projector | Text Search Scan,plans/q0376.json
q0377,count_bitmap,broad,random_0.5,30,full,False,,100000,79835,50000,39854,,100,319.8643335,329.9233479,359.6210304100002,317.389,0.36,317.094,39854,39854,39854,0,321705,0,0,0,0,0,39981,79835.0,,P1,Aggregate | Nested Loop | Seq Scan | TID Materializer | Text Search Scan,plans/q0377.json
q0378,bitmap,broad,random_0.25,30,full,False,,100000,79835,25000,19905,,100,344.23806249999996,380.09652919999996,450.22248783,330.912,0.425,330.587,30,30,30,0,324077,0,0,0,0,0,59930,79835.0,,P1,Limit | Sort | Nested Loop | Seq Scan | Projector | Projector | Text Search Scan,plans/q0378.json
q0379,enumeration,broad,random_0.25,30,full,False,,100000,79835,25000,19905,,100,326.50518750000003,345.06125835,416.90752825,318.939,0.424,318.566,30,30,30,0,350051,0,0,0,0,0,0,20000.0,,P3,Limit | ProjectSet | Seq Scan | Sort | Nested Loop | CTE Scan | Projector | Projector | Conjunction Scan | Text Search Scan | Index TID Probe,plans/q0379.json
q0380,subquery,broad,random_0.25,30,full,False,,100000,79835,25000,19905,,100,341.5803125,388.86324339999993,443.57060533000003,336.039,0.323,335.709,30,30,30,0,324077,0,0,0,0,0,59930,79835.0,,P5,Limit | Seq Scan | Sort | Projector | Projector | Text Search Scan,plans/q0380.json
q0381,count_bitmap,broad,random_0.25,30,full,False,,100000,79835,25000,19905,,100,313.8777295,320.07994585,324.9193550900001,307.188,0.406,306.908,19905,19905,19905,0,321705,0,0,0,0,0,59930,79835.0,,P1,Aggregate | Nested Loop | Seq Scan | TID Materializer | Text Search Scan,plans/q0381.json
q0382,bitmap,broad,random_0.1,30,full,False,,100000,79835,10000,7968,,100,308.59389550000003,391.70402709999996,406.59583141999997,295.058,0.41,294.902,30,30,30,0,244156,0,0,0,0,0,71867,79835.0,,P1,Limit | Sort | Nested Loop | Seq Scan | Projector | Projector | Text Search Scan,plans/q0382.json
q0383,enumeration,broad,random_0.1,30,full,False,,100000,79835,10000,7968,,100,142.056396,148.99817915,154.6065575900001,129.128,0.432,128.961,30,30,30,0,140204,0,0,0,0,0,0,8000.0,,P3,Limit | ProjectSet | Seq Scan | Sort | Nested Loop | CTE Scan | Projector | Projector | Conjunction Scan | Text Search Scan | Index TID Probe,plans/q0383.json
q0384,subquery,broad,random_0.1,30,full,False,,100000,79835,10000,7968,,100,307.96714599999996,378.94602325,394.3288479200001,293.689,0.321,293.533,30,30,30,0,244156,0,0,0,0,0,71867,79835.0,,P5,Limit | Seq Scan | Sort | Projector | Projector | Text Search Scan,plans/q0384.json
q0385,count_bitmap,broad,random_0.1,30,full,False,,100000,79835,10000,7968,,100,291.62395849999996,337.1257497,370.2018857500001,281.052,0.348,280.774,7968,7968,7968,0,241870,0,0,0,0,0,71867,79835.0,,P1,Aggregate | Nested Loop | Seq Scan | TID Materializer | Text Search Scan,plans/q0385.json
q0386,bitmap,broad,random_0.05,30,full,False,,100000,79835,5000,3992,,100,273.956271,310.6172690999999,346.0539941700002,261.468,0.416,261.294,30,30,30,0,243837,0,0,0,0,0,75843,79835.0,,P1,Limit | Sort | Nested Loop | Seq Scan | Projector | Projector | Text Search Scan,plans/q0386.json
q0387,enumeration,broad,random_0.05,30,full,False,,100000,79835,5000,3992,,100,80.285646,89.62786665,100.88873101000004,65.264,0.53,65.051,30,30,30,0,70112,0,0,0,0,0,0,4000.0,,P3,Limit | ProjectSet | Seq Scan | Sort | Nested Loop | CTE Scan | Projector | Projector | Conjunction Scan | Text Search Scan | Index TID Probe,plans/q0387.json
q0388,subquery,broad,random_0.05,30,full,False,,100000,79835,5000,3992,,100,275.8562915,314.4594396,339.17976616000016,261.666,0.279,261.522,30,30,30,0,243837,0,0,0,0,0,75843,79835.0,,P5,Limit | Seq Scan | Sort | Projector | Projector | Text Search Scan,plans/q0388.json
q0389,count_bitmap,broad,random_0.05,30,full,False,,100000,79835,5000,3992,,100,255.633125,268.02937885,348.38832833000004,244.789,0.419,244.484,3992,3992,3992,0,241870,0,0,0,0,0,75843,79835.0,,P1,Aggregate | Nested Loop | Seq Scan | TID Materializer | Text Search Scan,plans/q0389.json
q0390,bitmap,broad,random_0.01,30,full,False,,100000,79835,1000,812,,100,195.2427705,203.68196935,211.66094667000002,185.171,0.485,184.958,30,30,30,0,162730,0,0,0,0,0,79023,79835.0,,P1,Limit | Sort | Nested Loop | Seq Scan | Projector | Projector | Text Search Scan,plans/q0390.json
q0391,enumeration,broad,random_0.01,30,full,False,,100000,79835,1000,812,,100,29.320708500000002,31.3659497,34.449261840000005,13.785,0.461,13.644,30,30,30,0,14230,0,0,0,0,0,0,810.0,,P3,Limit | ProjectSet | Seq Scan | Sort | Nested Loop | CTE Scan | Projector | Projector | Conjunction Scan | Text Search Scan | Index TID Probe,plans/q0391.json
q0392,subquery,broad,random_0.01,30,full,False,,100000,79835,1000,812,,100,195.691729,200.36705415,209.57205375,183.329,0.38,183.175,30,30,30,0,162730,0,0,0,0,0,79023,79835.0,,P5,Limit | Seq Scan | Sort | Projector | Projector | Text Search Scan,plans/q0392.json
q0393,count_bitmap,broad,random_0.01,30,full,False,,100000,79835,1000,812,,100,178.28775000000002,195.212892,216.0137190800004,166.474,0.349,166.175,812,812,812,0,162035,0,0,0,0,0,79023,79835.0,,P1,Aggregate | Nested Loop | Seq Scan | TID Materializer | Text Search Scan,plans/q0393.json
q0394,bitmap,broad,random_0.001,30,full,False,,100000,79835,100,82,,100,49.0469375,51.74770205,55.961294490000014,37.261,0.407,37.097,30,30,30,0,2464,0,0,0,0,0,79753,79835.0,,P1,Limit | Sort | Nested Loop | Seq Scan | Projector | Projector | Text Search Scan,plans/q0394.json
q0395,enumeration,broad,random_0.001,30,full,False,,100000,79835,100,82,,100,18.029,22.165181549999993,47.431399670000005,1.81,0.348,1.693,30,30,30,0,1445,0,0,0,0,0,0,82.0,,P3,Limit | ProjectSet | Seq Scan | Sort | Nested Loop | CTE Scan | Projector | Projector | Conjunction Scan | Text Search Scan | Index TID Probe,plans/q0395.json
q0396,subquery,broad,random_0.001,30,full,False,,100000,79835,100,82,,100,48.585708,51.649448199999995,55.08783375,36.525,0.354,36.364,30,30,30,0,2464,0,0,0,0,0,79753,79835.0,,P5,Limit | Seq Scan | Sort | Projector | Projector | Text Search Scan,plans/q0396.json
q0397,count_bitmap,broad,random_0.001,30,full,False,,100000,79835,100,82,,100,37.988229000000004,42.566868449999994,60.48501533,25.928,0.309,25.671,82,82,82,0,2365,0,0,0,0,0,79753,79835.0,,P1,Aggregate | Nested Loop | Seq Scan | TID Materializer | Text Search Scan,plans/q0397.json
q0398,bitmap,broad,random_0,30,full,False,,100000,79835,0,0,,100,44.7557705,48.83504965,50.12127601000001,32.471,0.326,32.332,0,0,0,0,2382,0,0,0,0,0,79835,79835.0,,P1,Limit | Sort | Nested Loop | Seq Scan | Projector | Projector | Text Search Scan,plans/q0398.json
q0399,enumeration,broad,random_0,30,full,False,,100000,79835,0,0,,100,16.6046455,19.593512499999996,21.04565334000001,0.15,0.445,0.022,0,0,0,0,1,0,0,0,0,0,0,0,,P3,Limit | ProjectSet | Seq Scan | Sort | Nested Loop | CTE Scan | Projector | Projector | Conjunction Scan | Text Search Scan | Index TID Probe,plans/q0399.json
q0400,subquery,broad,random_0,30,full,False,,100000,79835,0,0,,100,44.882417000000004,47.53887915,49.02960283000004,33.388,0.387,33.238,0,0,0,0,2382,0,0,0,0,0,79835,79835.0,,P5,Limit | Seq Scan | Sort | Projector | Projector | Text Search Scan,plans/q0400.json
q0401,count_bitmap,broad,random_0,30,full,False,,100000,79835,0,0,,100,33.675979,36.70162565,40.50089958000001,21.465,0.311,21.212,0,0,0,0,2365,0,0,0,0,0,79835,79835.0,,P1,Aggregate | Nested Loop | Seq Scan | TID Materializer | Text Search Scan,plans/q0401.json
q0402,native,broad,random_1,30,full,False,,100000,79835,100000,79835,,100,15.9743125,19.019035749999997,20.38370908000003,0.286,0.225,0.172,30,30,30,0,36,0,0,0,0,0,0,30.0,,N/A,Limit | Projector | Text Search Scan,plans/q0402.json
q0403,count_native,broad,random_1,30,full,False,,100000,79835,100000,79835,,100,14.9868545,17.9867619,19.06915583000001,0.114,0.288,0.041,79835,79835,79835,0,8,0,0,0,0,0,0,1.0,,N/A,Tin Count,plans/q0403.json
q0404,bitmap,and,random_1,30,full,False,,100000,26662,100000,26662,,100,149.2594795,151.73564965,153.23301309000001,141.478,0.522,141.091,30,30,30,0,111387,0,0,0,0,0,0,26662.0,,P1,Limit | Sort | Nested Loop | Seq Scan | Projector | Projector | Text Search Scan,plans/q0404.json
q0405,enumeration,and,random_1,30,full,False,,100000,26662,100000,26662,,100,59.2340215,64.36079615,69.70878800000004,56.049,0.476,55.699,30,30,30,0,2388,0,0,0,0,0,0,26662.0,,P1,Limit | ProjectSet | Seq Scan | Sort | Hash Join | CTE Scan | Hash | Projector | Text Search Scan,plans/q0405.json
q0406,subquery,and,random_1,30,full,False,,100000,26662,100000,26662,,100,147.02375,151.22584344999999,159.79771542000006,135.08,0.425,134.724,30,30,30,0,111387,0,0,0,0,0,0,26662.0,,P5,Limit | Seq Scan | Sort | Projector | Projector | Text Search Scan,plans/q0406.json
q0407,count_bitmap,and,random_1,30,full,False,,100000,26662,100000,26662,,100,126.11337499999999,131.27907055,146.82180316000012,114.413,0.415,114.11,26662,26662,26662,0,109016,0,0,0,0,0,0,26662.0,,P1,Aggregate | Nested Loop | Seq Scan | TID Materializer | Text Search Scan,plans/q0407.json
q0408,bitmap,and,random_0.75,30,full,False,,100000,26662,75000,19973,,100,145.729229,152.3840482,156.71129992,134.382,0.443,134.033,30,30,30,0,111387,0,0,0,0,0,6689,26662.0,,P1,Limit | Sort | Nested Loop | Seq Scan | Projector | Projector | Text Search Scan,plans/q0408.json
q0409,enumeration,and,random_0.75,30,full,False,,100000,26662,75000,19973,,100,53.71075,58.6467146,62.87407449000001,48.941,0.464,48.566,30,30,30,0,2388,0,0,0,0,0,0,26662.0,,P1,Limit | ProjectSet | Seq Scan | Sort | Hash Join | CTE Scan | Hash | Projector | Text Search Scan,plans/q0409.json
q0410,subquery,and,random_0.75,30,full,False,,100000,26662,75000,19973,,100,144.028729,150.10500864999997,152.04192268,130.363,0.391,130.011,30,30,30,0,111387,0,0,0,0,0,6689,26662.0,,P5,Limit | Seq Scan | Sort | Projector | Projector | Text Search Scan,plans/q0410.json
q0411,count_bitmap,and,random_0.75,30,full,False,,100000,26662,75000,19973,,100,124.08408349999999,129.5454399,150.23318867,111.819,0.45,111.508,19973,19973,19973,0,109016,0,0,0,0,0,6689,26662.0,,P1,Aggregate | Nested Loop | Seq Scan | TID Materializer | Text Search Scan,plans/q0411.json
q0412,bitmap,and,random_0.5,30,full,False,,100000,26662,50000,13263,,100,140.947958,146.5936122,164.73676975,127.964,0.448,127.598,30,30,30,0,111383,0,0,0,0,0,13399,26662.0,,P1,Limit | Sort | Nested Loop | Seq Scan | Projector | Projector | Text Search Scan,plans/q0412.json
q0413,enumeration,and,random_0.5,30,full,False,,100000,26662,50000,13263,,100,46.4811245,51.5723548,54.60912759000002,38.229,0.44,37.852,30,30,30,0,2388,0,0,0,0,0,0,26662.0,,P1,Limit | ProjectSet | Seq Scan | Sort | Hash Join | CTE Scan | Hash | Projector | Text Search Scan,plans/q0413.json
q0414,subquery,and,random_0.5,30,full,False,,100000,26662,50000,13263,,100,138.7395415,143.04217705,146.61547017,126.163,0.326,125.845,30,30,30,0,111383,0,0,0,0,0,13399,26662.0,,P5,Limit | Seq Scan | Sort | Projector | Projector | Text Search Scan,plans/q0414.json
q0415,count_bitmap,and,random_0.5,30,full,False,,100000,26662,50000,13263,,100,121.5550415,125.65826695,129.10216117,109.495,0.374,109.124,13263,13263,13263,0,109016,0,0,0,0,0,13399,26662.0,,P1,Aggregate | Nested Loop | Seq Scan | TID Materializer | Text Search Scan,plans/q0415.json
q0416,bitmap,and,random_0.25,30,full,False,,100000,26662,25000,6748,,100,135.311125,139.17526845,145.92609226000002,121.34,0.449,121.148,30,30,30,0,111289,0,0,0,0,0,19914,26662.0,,P1,Limit | Sort | Nested Loop | Seq Scan | Projector | Projector | Text Search Scan,plans/q0416.json
q0417,enumeration,and,random_0.25,30,full,False,,100000,26662,25000,6748,,100,39.8888745,42.32488335,45.81704658000001,28.817,0.422,28.529,30,30,30,0,2388,0,0,0,0,0,0,26662.0,,P1,Limit | ProjectSet | Seq Scan | Sort | Hash Join | CTE Scan | Hash | Projector | Text Search Scan,plans/q0417.json
q0418,subquery,and,random_0.25,30,full,False,,100000,26662,25000,6748,,100,134.0216665,140.98802915,144.88588783000003,119.267,0.368,119.09,30,30,30,0,111289,0,0,0,0,0,19914,26662.0,,P5,Limit | Seq Scan | Sort | Projector | Projector | Text Search Scan,plans/q0418.json
q0419,count_bitmap,and,random_0.25,30,full,False,,100000,26662,25000,6748,,100,120.02825,130.01486665,139.50227792000058,106.581,0.424,106.242,6748,6748,6748,0,109016,0,0,0,0,0,19914,26662.0,,P1,Aggregate | Nested Loop | Seq Scan | TID Materializer | Text Search Scan,plans/q0419.json
q0420,bitmap,and,random_0.1,30,full,False,,100000,26662,10000,2751,,100,123.157208,128.78447705,138.40313491,107.819,0.441,107.633,30,30,30,0,84033,0,0,0,0,0,23911,26662.0,,P1,Limit | Sort | Nested Loop | Seq Scan | Projector | Projector | Text Search Scan,plans/q0420.json
q0421,enumeration,and,random_0.1,30,full,False,,100000,26662,10000,2751,,100,36.074542,38.76257225,41.07508833000001,23.578,0.527,23.273,30,30,30,0,2387,0,0,0,0,0,0,26662.0,,P1,Limit | ProjectSet | Seq Scan | Sort | Hash Join | CTE Scan | Hash | Projector | Text Search Scan,plans/q0421.json
q0422,subquery,and,random_0.1,30,full,False,,100000,26662,10000,2751,,100,123.965667,130.2832122,133.93610476,107.87,0.282,107.693,30,30,30,0,84033,0,0,0,0,0,23911,26662.0,,P5,Limit | Seq Scan | Sort | Projector | Projector | Text Search Scan,plans/q0422.json
q0423,count_bitmap,and,random_0.1,30,full,False,,100000,26662,10000,2751,,100,112.28506250000001,119.47047085,125.00753333000011,98.807,0.381,98.464,2751,2751,2751,0,82354,0,0,0,0,0,23911,26662.0,,P1,Aggregate | Nested Loop | Seq Scan | TID Materializer | Text Search Scan,plans/q0423.json
q0424,bitmap,and,random_0.05,30,full,False,,100000,26662,5000,1421,,100,110.43460400000001,114.51633894999999,116.57428592000004,95.674,0.34,95.512,30,30,30,0,83454,0,0,0,0,0,25241,26662.0,,P1,Limit | Sort | Nested Loop | Seq Scan | Projector | Projector | Text Search Scan,plans/q0424.json
q0425,enumeration,and,random_0.05,30,full,False,,100000,26662,5000,1421,,100,35.061,38.9157354,41.24035167,22.241,0.473,21.867,30,30,30,0,2387,0,0,0,0,0,0,26662.0,,P1,Limit | ProjectSet | Seq Scan | Sort | Hash Join | CTE Scan | Hash | Projector | Text Search Scan,plans/q0425.json
q0426,subquery,and,random_0.05,30,full,False,,100000,26662,5000,1421,,100,110.949646,114.95470830000001,136.00592517000004,95.956,0.392,95.74,30,30,30,0,83454,0,0,0,0,0,25241,26662.0,,P5,Limit | Seq Scan | Sort | Projector | Projector | Text Search Scan,plans/q0426.json
q0427,count_bitmap,and,random_0.05,30,full,False,,100000,26662,5000,1421,,100,100.8889165,107.03000564999999,113.38724917000006,85.977,0.459,85.666,1421,1421,1421,0,82354,0,0,0,0,0,25241,26662.0,,P1,Aggregate | Nested Loop | Seq Scan | TID Materializer | Text Search Scan,plans/q0427.json
q0428,bitmap,and,random_0.01,30,full,False,,100000,26662,1000,296,,100,82.892563,85.59694405,94.02510625000004,67.813,0.452,67.641,30,30,30,0,55984,0,0,0,0,0,26366,26662.0,,P1,Limit | Sort | Nested Loop | Seq Scan | Projector | Projector | Text Search Scan,plans/q0428.json
q0429,enumeration,and,random_0.01,30,full,False,,100000,26662,1000,296,,100,34.0442915,36.1922369,37.74325892,20.516,0.443,20.164,30,30,30,0,2386,0,0,0,0,0,0,26662.0,,P1,Limit | ProjectSet | Seq Scan | Sort | Hash Join | CTE Scan | Hash | Projector | Text Search Scan,plans/q0429.json
q0430,subquery,and,random_0.01,30,full,False,,100000,26662,1000,296,,100,83.6898125,89.93802949999998,94.67880333000002,68.063,0.349,67.898,30,30,30,0,55984,0,0,0,0,0,26366,26662.0,,P5,Limit | Seq Scan | Sort | Projector | Projector | Text Search Scan,plans/q0430.json
q0431,count_bitmap,and,random_0.01,30,full,False,,100000,26662,1000,296,,100,74.367688,76.72113395,78.95534217000001,59.757,0.414,59.403,296,296,296,0,55692,0,0,0,0,0,26366,26662.0,,P1,Aggregate | Nested Loop | Seq Scan | TID Materializer | Text Search Scan,plans/q0431.json
q0432,bitmap,and,random_0.001,30,full,False,,100000,26662,100,27,,100,31.976228999999996,35.0661027,35.86209883000002,17.716,0.34,17.559,27,27,27,0,2411,0,0,0,0,0,26635,26662.0,,P1,Limit | Sort | Nested Loop | Seq Scan | Projector | Projector | Text Search Scan,plans/q0432.json
q0433,enumeration,and,random_0.001,30,full,False,,100000,26662,100,27,,100,33.435916000000006,36.2753191,40.59336259,19.848,0.492,19.522,27,27,27,0,2384,0,0,0,0,0,0,26662.0,,P1,Limit | ProjectSet | Seq Scan | Sort | Hash Join | CTE Scan | Hash | Projector | Text Search Scan,plans/q0433.json
q0434,subquery,and,random_0.001,30,full,False,,100000,26662,100,27,,100,32.7353125,38.90699375,43.77514426000001,17.555,0.406,17.396,27,27,27,0,2411,0,0,0,0,0,26635,26662.0,,P5,Limit | Seq Scan | Sort | Projector | Projector | Text Search Scan,plans/q0434.json
q0435,count_bitmap,and,random_0.001,30,full,False,,100000,26662,100,27,,100,25.372271,28.08489105,28.639109760000004,11.681,0.405,11.393,27,27,27,0,2368,0,0,0,0,0,26635,26662.0,,P1,Aggregate | Nested Loop | Seq Scan | TID Materializer | Text Search Scan,plans/q0435.json
q0436,bitmap,and,random_0,30,full,False,,100000,26662,0,0,,100,30.2802705,33.960030599999996,36.24043241000001,16.173,0.433,16.017,0,0,0,0,2384,0,0,0,0,0,26662,26662.0,,P1,Limit | Sort | Nested Loop | Seq Scan | Projector | Projector | Text Search Scan,plans/q0436.json
q0437,enumeration,and,random_0,30,full,False,,100000,26662,0,0,,100,15.9526875,18.51715445,19.838682080000012,0.171,0.511,0.022,0,0,0,0,1,0,0,0,0,0,0,0,,P1,Limit | ProjectSet | Seq Scan | Sort | Hash Join | CTE Scan | Hash | Projector | Text Search Scan,plans/q0437.json
q0438,subquery,and,random_0,30,full,False,,100000,26662,0,0,,100,31.073271,34.818262499999996,46.182923660000036,16.386,0.419,16.208,0,0,0,0,2384,0,0,0,0,0,26662,26662.0,,P5,Limit | Seq Scan | Sort | Projector | Projector | Text Search Scan,plans/q0438.json
q0439,count_bitmap,and,random_0,30,full,False,,100000,26662,0,0,,100,24.536020999999998,27.086956599999997,28.73297958000001,10.38,0.355,10.122,0,0,0,0,2368,0,0,0,0,0,26662,26662.0,,P1,Aggregate | Nested Loop | Seq Scan | TID Materializer | Text Search Scan,plans/q0439.json
q0440,native,and,random_1,30,full,False,,100000,26662,100000,26662,,100,18.1170835,20.96181665,23.289992740000002,3.176,0.303,3.022,30,30,30,0,59,0,0,0,0,0,0,30.0,,N/A,Limit | Projector | Text Search Scan,plans/q0440.json
q0441,count_native,and,random_1,30,full,False,,100000,26662,100000,26662,,100,15.072417,17.36131875,19.40911750000001,0.208,0.319,0.124,26662,26662,26662,0,14,0,0,0,0,0,0,1.0,,N/A,Tin Count,plans/q0441.json
q0442,bitmap,or,random_1,30,full,False,,100000,20079,100000,20079,,100,113.574,119.71615,126.08124691000002,103.999,0.42,103.63,30,30,30,0,85040,0,0,0,0,0,0,20079.0,,P1,Limit | Sort | Nested Loop | Seq Scan | Projector | Projector | Text Search Scan,plans/q0442.json
q0443,enumeration,or,random_1,30,full,False,,100000,20079,100000,20079,,100,52.167083500000004,54.8679173,62.42305009000003,47.729,0.523,47.331,30,30,30,0,2373,0,0,0,0,0,0,20079.0,,P1,Limit | ProjectSet | Seq Scan | Sort | Hash Join | CTE Scan | Hash | Projector | Text Search Scan,plans/q0443.json
q0444,subquery,or,random_1,30,full,False,,100000,20079,100000,20079,,100,111.472708,116.21049310000001,133.55152833000054,98.403,0.335,97.993,30,30,30,0,85040,0,0,0,0,0,0,20079.0,,P5,Limit | Seq Scan | Sort | Projector | Projector | Text Search Scan,plans/q0444.json
q0445,count_bitmap,or,random_1,30,full,False,,100000,20079,100000,20079,,100,101.0084375,111.19862739999999,151.73174143000006,86.929,0.435,86.577,20079,20079,20079,0,82681,0,0,0,0,0,0,20079.0,,P1,Aggregate | Nested Loop | Seq Scan | TID Materializer | Text Search Scan,plans/q0445.json
q0446,bitmap,or,random_0.75,30,full,False,,100000,20079,75000,14977,,100,110.2011665,117.43101664999999,239.67750699,99.427,0.446,99.053,30,30,30,0,85040,0,0,0,0,0,5102,20079.0,,P1,Limit | Sort | Nested Loop | Seq Scan | Projector | Projector | Text Search Scan,plans/q0446.json
q0447,enumeration,or,random_0.75,30,full,False,,100000,20079,75000,14977,,100,46.056563,50.9146976,58.69827842000004,40.291,0.429,39.92,30,30,30,0,2373,0,0,0,0,0,0,20079.0,,P1,Limit | ProjectSet | Seq Scan | Sort | Hash Join | CTE Scan | Hash | Projector | Text Search Scan,plans/q0447.json
q0448,subquery,or,random_0.75,30,full,False,,100000,20079,75000,14977,,100,109.816584,116.90570975,122.13618175000002,95.092,0.349,94.755,30,30,30,0,85040,0,0,0,0,0,5102,20079.0,,P5,Limit | Seq Scan | Sort | Projector | Projector | Text Search Scan,plans/q0448.json
q0449,count_bitmap,or,random_0.75,30,full,False,,100000,20079,75000,14977,,100,97.72177049999999,100.49652435,102.38654024,84.307,0.396,84.002,14977,14977,14977,0,82681,0,0,0,0,0,5102,20079.0,,P1,Aggregate | Nested Loop | Seq Scan | TID Materializer | Text Search Scan,plans/q0449.json
q0450,bitmap,or,random_0.5,30,full,False,,100000,20079,50000,9965,,100,106.97581249999999,113.77582290000001,124.60977108000003,92.257,0.362,91.921,30,30,30,0,85017,0,0,0,0,0,10114,20079.0,,P1,Limit | Sort | Nested Loop | Seq Scan | Projector | Projector | Text Search Scan,plans/q0450.json
q0451,enumeration,or,random_0.5,30,full,False,,100000,20079,50000,9965,,100,40.503603999999996,42.408787149999995,42.91152709000001,31.5,0.483,31.142,30,30,30,0,2373,0,0,0,0,0,0,20079.0,,P1,Limit | ProjectSet | Seq Scan | Sort | Hash Join | CTE Scan | Hash | Projector | Text Search Scan,plans/q0451.json
q0452,subquery,or,random_0.5,30,full,False,,100000,20079,50000,9965,,100,105.735333,110.5981271,127.10836208000003,91.007,0.432,90.657,30,30,30,0,85017,0,0,0,0,0,10114,20079.0,,P5,Limit | Seq Scan | Sort | Projector | Projector | Text Search Scan,plans/q0452.json
q0453,count_bitmap,or,random_0.5,30,full,False,,100000,20079,50000,9965,,100,96.8421875,99.65909135,110.96717009000001,83.43,0.425,83.123,9965,9965,9965,0,82681,0,0,0,0,0,10114,20079.0,,P1,Aggregate | Nested Loop | Seq Scan | TID Materializer | Text Search Scan,plans/q0453.json
q0454,bitmap,or,random_0.25,30,full,False,,100000,20079,25000,4937,,100,102.1219795,105.9139,110.06971783000002,86.578,0.387,86.41,30,30,30,0,84764,0,0,0,0,0,15142,20079.0,,P1,Limit | Sort | Nested Loop | Seq Scan | Projector | Projector | Text Search Scan,plans/q0454.json
q0455,enumeration,or,random_0.25,30,full,False,,100000,20079,25000,4937,,100,34.5549585,38.0010482,42.775283090000016,23.226,0.469,22.887,30,30,30,0,2373,0,0,0,0,0,0,20079.0,,P1,Limit | ProjectSet | Seq Scan | Sort | Hash Join | CTE Scan | Hash | Projector | Text Search Scan,plans/q0455.json
q0456,subquery,or,random_0.25,30,full,False,,100000,20079,25000,4937,,100,101.0170205,108.56519549999999,120.35140959,86.946,0.353,86.771,30,30,30,0,84764,0,0,0,0,0,15142,20079.0,,P5,Limit | Seq Scan | Sort | Projector | Projector | Text Search Scan,plans/q0456.json
q0457,count_bitmap,or,random_0.25,30,full,False,,100000,20079,25000,4937,,100,95.1097295,99.18956905,102.169409,79.667,0.521,79.343,4937,4937,4937,0,82681,0,0,0,0,0,15142,20079.0,,P1,Aggregate | Nested Loop | Seq Scan | TID Materializer | Text Search Scan,plans/q0457.json
q0458,bitmap,or,random_0.1,30,full,False,,100000,20079,10000,1926,,100,93.14783299999999,96.25833365,97.82698042000001,77.566,0.381,77.387,30,30,30,0,63924,0,0,0,0,0,18153,20079.0,,P1,Limit | Sort | Nested Loop | Seq Scan | Projector | Projector | Text Search Scan,plans/q0458.json
q0459,enumeration,or,random_0.1,30,full,False,,100000,20079,10000,1926,,100,32.138062500000004,34.697091699999994,40.02948217000002,18.209,0.511,17.852,30,30,30,0,2372,0,0,0,0,0,0,20079.0,,P1,Limit | ProjectSet | Seq Scan | Sort | Hash Join | CTE Scan | Hash | Projector | Text Search Scan,plans/q0459.json
q0460,subquery,or,random_0.1,30,full,False,,100000,20079,10000,1926,,100,93.706333,100.79899345,111.65582833000006,77.675,0.37,77.505,30,30,30,0,63924,0,0,0,0,0,18153,20079.0,,P5,Limit | Seq Scan | Sort | Projector | Projector | Text Search Scan,plans/q0460.json
q0461,count_bitmap,or,random_0.1,30,full,False,,100000,20079,10000,1926,,100,88.7158125,95.19514134999999,100.95793408,74.582,0.58,74.249,1926,1926,1926,0,62602,0,0,0,0,0,18153,20079.0,,P1,Aggregate | Nested Loop | Seq Scan | TID Materializer | Text Search Scan,plans/q0461.json
q0462,bitmap,or,random_0.05,30,full,False,,100000,20079,5000,939,,100,85.5163335,89.64358539999999,95.46012075000013,69.262,0.384,69.081,30,30,30,0,63367,0,0,0,0,0,19140,20079.0,,P1,Limit | Sort | Nested Loop | Seq Scan | Projector | Projector | Text Search Scan,plans/q0462.json
q0463,enumeration,or,random_0.05,30,full,False,,100000,20079,5000,939,,100,30.277729,33.900905949999995,34.86566083000002,16.756,0.482,16.384,30,30,30,0,2372,0,0,0,0,0,0,20079.0,,P1,Limit | ProjectSet | Seq Scan | Sort | Hash Join | CTE Scan | Hash | Projector | Text Search Scan,plans/q0463.json
q0464,subquery,or,random_0.05,30,full,False,,100000,20079,5000,939,,100,84.6985,91.04189025,95.73303958000004,69.179,0.427,68.971,30,30,30,0,63367,0,0,0,0,0,19140,20079.0,,P5,Limit | Seq Scan | Sort | Projector | Projector | Text Search Scan,plans/q0464.json
q0465,count_bitmap,or,random_0.05,30,full,False,,100000,20079,5000,939,,100,80.8290835,85.94149730000001,90.96828608,65.41,0.444,65.076,939,939,939,0,62602,0,0,0,0,0,19140,20079.0,,P1,Aggregate | Nested Loop | Seq Scan | TID Materializer | Text Search Scan,plans/q0465.json
q0466,bitmap,or,random_0.01,30,full,False,,100000,20079,1000,198,,100,64.06675,66.39077529999999,67.95212009000002,49.508,0.427,49.33,30,30,30,0,42719,0,0,0,0,0,19881,20079.0,,P1,Limit | Sort | Nested Loop | Seq Scan | Projector | Projector | Text Search Scan,plans/q0466.json
q0467,enumeration,or,random_0.01,30,full,False,,100000,20079,1000,198,,100,28.033749999999998,30.88741315,43.45492050000006,14.82,0.477,14.479,30,30,30,0,2371,0,0,0,0,0,0,20079.0,,P1,Limit | ProjectSet | Seq Scan | Sort | Hash Join | CTE Scan | Hash | Projector | Text Search Scan,plans/q0467.json
q0468,subquery,or,random_0.01,30,full,False,,100000,20079,1000,198,,100,64.156396,68.5190191,70.81061283000001,49.651,0.352,49.484,30,30,30,0,42719,0,0,0,0,0,19881,20079.0,,P5,Limit | Seq Scan | Sort | Projector | Projector | Text Search Scan,plans/q0468.json
q0469,count_bitmap,or,random_0.01,30,full,False,,100000,20079,1000,198,,100,60.2043755,65.97796489999999,75.83010592000001,45.336,0.431,44.994,198,198,198,0,42523,0,0,0,0,0,19881,20079.0,,P1,Aggregate | Nested Loop | Seq Scan | TID Materializer | Text Search Scan,plans/q0469.json
q0470,bitmap,or,random_0.001,30,full,False,,100000,20079,100,21,,100,27.898625,32.2360027,36.125197170000014,12.567,0.366,12.417,21,21,21,0,2390,0,0,0,0,0,20058,20079.0,,P1,Limit | Sort | Nested Loop | Seq Scan | Projector | Projector | Text Search Scan,plans/q0470.json
q0471,enumeration,or,random_0.001,30,full,False,,100000,20079,100,21,,100,28.8456875,31.50675655,33.40720291000001,14.795,0.517,14.394,21,21,21,0,2369,0,0,0,0,0,0,20079.0,,P1,Limit | ProjectSet | Seq Scan | Sort | Hash Join | CTE Scan | Hash | Projector | Text Search Scan,plans/q0471.json
q0472,subquery,or,random_0.001,30,full,False,,100000,20079,100,21,,100,27.8262705,31.34216315,33.200660840000005,13.912,0.41,13.739,21,21,21,0,2390,0,0,0,0,0,20058,20079.0,,P5,Limit | Seq Scan | Sort | Projector | Projector | Text Search Scan,plans/q0472.json
q0473,count_bitmap,or,random_0.001,30,full,False,,100000,20079,100,21,,100,24.237854,28.724535449999998,32.62643268000001,9.193,0.392,8.941,21,21,21,0,2365,0,0,0,0,0,20058,20079.0,,P1,Aggregate | Nested Loop | Seq Scan | TID Materializer | Text Search Scan,plans/q0473.json
q0474,bitmap,or,random_0,30,full,False,,100000,20079,0,0,,100,26.53475,30.182590199999996,36.14426417000006,11.404,0.413,11.255,0,0,0,0,2369,0,0,0,0,0,20079,20079.0,,P1,Limit | Sort | Nested Loop | Seq Scan | Projector | Projector | Text Search Scan,plans/q0474.json
q0475,enumeration,or,random_0,30,full,False,,100000,20079,0,0,,100,15.044603500000001,16.504464300000002,18.577878750000018,0.175,0.512,0.023,0,0,0,0,1,0,0,0,0,0,0,0,,P1,Limit | ProjectSet | Seq Scan | Sort | Hash Join | CTE Scan | Hash | Projector | Text Search Scan,plans/q0475.json
q0476,subquery,or,random_0,30,full,False,,100000,20079,0,0,,100,26.93125,29.647739599999998,31.015578830000038,11.393,0.293,11.257,0,0,0,0,2369,0,0,0,0,0,20079,20079.0,,P5,Limit | Seq Scan | Sort | Projector | Projector | Text Search Scan,plans/q0476.json
q0477,count_bitmap,or,random_0,30,full,False,,100000,20079,0,0,,100,22.088333,25.8781452,28.32638383000001,8.505,0.415,8.242,0,0,0,0,2365,0,0,0,0,0,20079,20079.0,,P1,Aggregate | Nested Loop | Seq Scan | TID Materializer | Text Search Scan,plans/q0477.json
q0478,native,or,random_1,30,full,False,,100000,20079,100000,20079,,100,16.257417,19.99460685,21.81184459000001,0.765,0.301,0.599,30,30,30,0,46,0,0,0,0,0,0,30.0,,N/A,Limit | Projector | Text Search Scan,plans/q0478.json
q0479,count_native,or,random_1,30,full,False,,100000,20079,100000,20079,,100,15.567021,18.49173365,19.132569670000002,0.153,0.308,0.069,20079,20079,20079,0,11,0,0,0,0,0,0,1.0,,N/A,Tin Count,plans/q0479.json
q0480,bitmap,phrase,random_1,30,full,False,,100000,33334,100000,33334,,100,175.69295799999998,179.20561845,183.22739375,168.678,0.389,168.339,30,30,30,0,138075,0,0,0,0,0,0,33334.0,,P1,Limit | Sort | Nested Loop | Seq Scan | Projector | Projector | Text Search Scan,plans/q0480.json
q0481,enumeration,phrase,random_1,30,full,False,,100000,33334,100000,33334,,100,62.9537915,67.1450149,69.64592458999999,63.245,0.498,62.785,30,30,30,0,2388,0,0,0,0,0,0,33334.0,,P1,Limit | ProjectSet | Seq Scan | Sort | Hash Join | CTE Scan | Hash | Projector | Text Search Scan,plans/q0481.json
q0482,subquery,phrase,random_1,30,full,False,,100000,33334,100000,33334,,100,172.82358299999999,178.89186665,182.27349033,163.786,0.411,163.437,30,30,30,0,138075,0,0,0,0,0,0,33334.0,,P5,Limit | Seq Scan | Sort | Projector | Projector | Text Search Scan,plans/q0482.json
q0483,count_bitmap,phrase,random_1,30,full,False,,100000,33334,100000,33334,,100,151.99175,157.74161695,160.01225333,142.151,0.377,141.863,33334,33334,33334,0,135709,0,0,0,0,0,0,33334.0,,P1,Aggregate | Nested Loop | Seq Scan | TID Materializer | Text Search Scan,plans/q0483.json
q0484,bitmap,phrase,random_0.75,30,full,False,,100000,33334,75000,24999,,100,171.3865,178.3151622,186.89052667000004,159.132,0.573,158.751,30,30,30,0,138075,0,0,0,0,0,8335,33334.0,,P1,Limit | Sort | Nested Loop | Seq Scan | Projector | Projector | Text Search Scan,plans/q0484.json
q0485,enumeration,phrase,random_0.75,30,full,False,,100000,33334,75000,24999,,100,56.523209,61.55426845,62.79423483000001,51.124,0.409,50.786,30,30,30,0,2388,0,0,0,0,0,0,33334.0,,P1,Limit | ProjectSet | Seq Scan | Sort | Hash Join | CTE Scan | Hash | Projector | Text Search Scan,plans/q0485.json
q0486,subquery,phrase,random_0.75,30,full,False,,100000,33334,75000,24999,,100,169.611375,174.3473378,178.61318358000003,157.327,0.367,156.974,30,30,30,0,138075,0,0,0,0,0,8335,33334.0,,P5,Limit | Seq Scan | Sort | Projector | Projector | Text Search Scan,plans/q0486.json
q0487,count_bitmap,phrase,random_0.75,30,full,False,,100000,33334,75000,24999,,100,151.157625,153.90835835000001,162.39572375000003,141.775,0.403,141.479,24999,24999,24999,0,135709,0,0,0,0,0,8335,33334.0,,P1,Aggregate | Nested Loop | Seq Scan | TID Materializer | Text Search Scan,plans/q0487.json
q0488,bitmap,phrase,random_0.5,30,full,False,,100000,33334,50000,16697,,100,165.7969375,170.451358,172.54733658,161.179,0.366,160.84,30,30,30,0,138075,0,0,0,0,0,16637,33334.0,,P1,Limit | Sort | Nested Loop | Seq Scan | Projector | Projector | Text Search Scan,plans/q0488.json
q0489,enumeration,phrase,random_0.5,30,full,False,,100000,33334,50000,16697,,100,50.3069165,54.4923128,55.58705467000001,41.809,0.367,41.465,30,30,30,0,2388,0,0,0,0,0,0,33334.0,,P1,Limit | ProjectSet | Seq Scan | Sort | Hash Join | CTE Scan | Hash | Projector | Text Search Scan,plans/q0489.json
q0490,subquery,phrase,random_0.5,30,full,False,,100000,33334,50000,16697,,100,163.842271,168.51591455,179.07574217000004,151.177,0.29,150.858,30,30,30,0,138075,0,0,0,0,0,16637,33334.0,,P5,Limit | Seq Scan | Sort | Projector | Projector | Text Search Scan,plans/q0490.json
q0491,count_bitmap,phrase,random_0.5,30,full,False,,100000,33334,50000,16697,,100,148.04925,155.3304702,160.8230673300001,136.162,0.416,135.872,16697,16697,16697,0,135709,0,0,0,0,0,16637,33334.0,,P1,Aggregate | Nested Loop | Seq Scan | TID Materializer | Text Search Scan,plans/q0491.json
q0492,bitmap,phrase,random_0.25,30,full,False,,100000,33334,25000,8481,,100,159.119125,167.74315385,174.16467566000003,144.751,0.401,144.586,30,30,30,0,138039,0,0,0,0,0,24853,33334.0,,P1,Limit | Sort | Nested Loop | Seq Scan | Projector | Projector | Text Search Scan,plans/q0492.json
q0493,enumeration,phrase,random_0.25,30,full,False,,100000,33334,25000,8481,,100,42.9403755,46.2407003,48.29857916,33.076,0.471,32.694,30,30,30,0,2388,0,0,0,0,0,0,33334.0,,P1,Limit | ProjectSet | Seq Scan | Sort | Hash Join | CTE Scan | Hash | Projector | Text Search Scan,plans/q0493.json
q0494,subquery,phrase,random_0.25,30,full,False,,100000,33334,25000,8481,,100,156.88074999999998,161.2281253,167.97418426000007,143.251,0.37,143.085,30,30,30,0,138039,0,0,0,0,0,24853,33334.0,,P5,Limit | Seq Scan | Sort | Projector | Projector | Text Search Scan,plans/q0494.json
q0495,count_bitmap,phrase,random_0.25,30,full,False,,100000,33334,25000,8481,,100,145.68452100000002,149.9570625,150.83560917000005,131.567,0.318,131.272,8481,8481,8481,0,135709,0,0,0,0,0,24853,33334.0,,P1,Aggregate | Nested Loop | Seq Scan | TID Materializer | Text Search Scan,plans/q0495.json
q0496,bitmap,phrase,random_0.1,30,full,False,,100000,33334,10000,3422,,100,145.0937495,148.75386045,157.64812500000002,129.636,0.319,129.467,30,30,30,0,104221,0,0,0,0,0,29912,33334.0,,P1,Limit | Sort | Nested Loop | Seq Scan | Projector | Projector | Text Search Scan,plans/q0496.json
q0497,enumeration,phrase,random_0.1,30,full,False,,100000,33334,10000,3422,,100,39.554500000000004,41.61576635,42.517007680000006,27.663,0.481,27.309,30,30,30,0,2387,0,0,0,0,0,0,33334.0,,P1,Limit | ProjectSet | Seq Scan | Sort | Hash Join | CTE Scan | Hash | Projector | Text Search Scan,plans/q0497.json
q0498,subquery,phrase,random_0.1,30,full,False,,100000,33334,10000,3422,,100,144.49964599999998,148.0657378,149.72024892000002,130.177,0.338,129.998,30,30,30,0,104221,0,0,0,0,0,29912,33334.0,,P5,Limit | Seq Scan | Sort | Projector | Projector | Text Search Scan,plans/q0498.json
q0499,count_bitmap,phrase,random_0.1,30,full,False,,100000,33334,10000,3422,,100,134.32022849999998,138.72964585,142.50062184,120.98,0.378,120.686,3422,3422,3422,0,102375,0,0,0,0,0,29912,33334.0,,P1,Aggregate | Nested Loop | Seq Scan | TID Materializer | Text Search Scan,plans/q0499.json
q0500,bitmap,phrase,random_0.05,30,full,False,,100000,33334,5000,1743,,100,129.030458,135.9478732,148.32216866,114.976,0.388,114.809,30,30,30,0,103620,0,0,0,0,0,31591,33334.0,,P1,Limit | Sort | Nested Loop | Seq Scan | Projector | Projector | Text Search Scan,plans/q0500.json
q0501,enumeration,phrase,random_0.05,30,full,False,,100000,33334,5000,1743,,100,38.4165835,42.277319399999996,45.10386041,25.667,0.496,25.355,30,30,30,0,2387,0,0,0,0,0,0,33334.0,,P1,Limit | ProjectSet | Seq Scan | Sort | Hash Join | CTE Scan | Hash | Projector | Text Search Scan,plans/q0501.json
q0502,subquery,phrase,random_0.05,30,full,False,,100000,33334,5000,1743,,100,129.9887295,133.0953107,135.6161745,114.522,0.368,114.355,30,30,30,0,103620,0,0,0,0,0,31591,33334.0,,P5,Limit | Seq Scan | Sort | Projector | Projector | Text Search Scan,plans/q0502.json
q0503,count_bitmap,phrase,random_0.05,30,full,False,,100000,33334,5000,1743,,100,120.1189165,124.28140625,127.14864084000001,106.096,0.402,105.819,1743,1743,1743,0,102375,0,0,0,0,0,31591,33334.0,,P1,Aggregate | Nested Loop | Seq Scan | TID Materializer | Text Search Scan,plans/q0503.json
q0504,bitmap,phrase,random_0.01,30,full,False,,100000,33334,1000,353,,100,96.25339600000001,100.2113125,101.40888542000002,81.163,0.425,80.992,30,30,30,0,69377,0,0,0,0,0,32981,33334.0,,P1,Limit | Sort | Nested Loop | Seq Scan | Projector | Projector | Text Search Scan,plans/q0504.json
q0505,enumeration,phrase,random_0.01,30,full,False,,100000,33334,1000,353,,100,36.6855205,40.815675,42.80314250000001,23.564,0.406,23.254,30,30,30,0,2386,0,0,0,0,0,0,33334.0,,P1,Limit | ProjectSet | Seq Scan | Sort | Hash Join | CTE Scan | Hash | Projector | Text Search Scan,plans/q0505.json
q0506,subquery,phrase,random_0.01,30,full,False,,100000,33334,1000,353,,100,96.741708,103.89418785,109.2389046700002,82.508,0.375,82.342,30,30,30,0,69377,0,0,0,0,0,32981,33334.0,,P5,Limit | Seq Scan | Sort | Projector | Projector | Text Search Scan,plans/q0506.json
q0507,count_bitmap,phrase,random_0.01,30,full,False,,100000,33334,1000,353,,100,88.02166650000001,90.9801607,96.25486059000002,73.849,0.469,73.534,353,353,353,0,69041,0,0,0,0,0,32981,33334.0,,P1,Aggregate | Nested Loop | Seq Scan | TID Materializer | Text Search Scan,plans/q0507.json
q0508,bitmap,phrase,random_0.001,30,full,False,,100000,33334,100,31,,100,35.412104,38.456878849999995,40.04748083000002,20.445,0.395,20.282,30,30,30,0,2415,0,0,0,0,0,33303,33334.0,,P1,Limit | Sort | Nested Loop | Seq Scan | Projector | Projector | Text Search Scan,plans/q0508.json
q0509,enumeration,phrase,random_0.001,30,full,False,,100000,33334,100,31,,100,36.600854,39.653464250000006,46.343010240000005,24.185,0.43,23.86,30,30,30,0,2384,0,0,0,0,0,0,33334.0,,P1,Limit | ProjectSet | Seq Scan | Sort | Hash Join | CTE Scan | Hash | Projector | Text Search Scan,plans/q0509.json
q0510,subquery,phrase,random_0.001,30,full,False,,100000,33334,100,31,,100,35.485583500000004,39.79235625,42.77367083000003,21.678,0.452,21.493,30,30,30,0,2415,0,0,0,0,0,33303,33334.0,,P5,Limit | Seq Scan | Sort | Projector | Projector | Text Search Scan,plans/q0510.json
q0511,count_bitmap,phrase,random_0.001,30,full,False,,100000,33334,100,31,,100,28.1785415,32.0925045,36.88437575000002,14.403,0.38,14.133,31,31,31,0,2373,0,0,0,0,0,33303,33334.0,,P1,Aggregate | Nested Loop | Seq Scan | TID Materializer | Text Search Scan,plans/q0511.json
q0512,bitmap,phrase,random_0,30,full,False,,100000,33334,0,0,,100,33.937541499999995,36.46562945,40.22578758,18.729,0.357,18.588,0,0,0,0,2384,0,0,0,0,0,33334,33334.0,,P1,Limit | Sort | Nested Loop | Seq Scan | Projector | Projector | Text Search Scan,plans/q0512.json
q0513,enumeration,phrase,random_0,30,full,False,,100000,33334,0,0,,100,15.568,18.769637799999998,21.701407080000024,0.16,0.504,0.019,0,0,0,0,1,0,0,0,0,0,0,0,,P1,Limit | ProjectSet | Seq Scan | Sort | Hash Join | CTE Scan | Hash | Projector | Text Search Scan,plans/q0513.json
q0514,subquery,phrase,random_0,30,full,False,,100000,33334,0,0,,100,33.423166499999994,35.72286875,36.66699066000001,18.322,0.28,18.194,0,0,0,0,2384,0,0,0,0,0,33334,33334.0,,P5,Limit | Seq Scan | Sort | Projector | Projector | Text Search Scan,plans/q0514.json
q0515,count_bitmap,phrase,random_0,30,full,False,,100000,33334,0,0,,100,27.8137705,31.6895399,33.33232509000001,12.546,0.35,12.295,0,0,0,0,2373,0,0,0,0,0,33334,33334.0,,P1,Aggregate | Nested Loop | Seq Scan | TID Materializer | Text Search Scan,plans/q0515.json
q0516,native,phrase,random_1,30,full,False,,100000,33334,100000,33334,,100,18.2736665,22.220187499999998,24.898604830000007,2.043,0.28,1.89,30,30,30,0,58,0,0,0,0,0,0,30.0,,N/A,Limit | Projector | Text Search Scan,plans/q0516.json
q0517,count_native,phrase,random_1,30,full,False,,100000,33334,100000,33334,,100,15.2058125,20.10059375,21.842699260000003,0.63,0.286,0.549,33334,33334,33334,0,19,0,0,0,0,0,0,1.0,,N/A,Tin Count,plans/q0517.json
q0518,bitmap,prefix,random_1,30,full,False,,100000,100000,100000,100000,,100,496.3398745,514.6800601,551.6465662500001,506.051,1.297,505.052,30,30,30,0,404982,0,0,0,0,0,0,100000.0,,P1,Limit | Sort | Nested Loop | Seq Scan | Projector | Projector | Text Search Scan,plans/q0518.json
q0519,enumeration,prefix,random_1,30,full,False,,100000,100000,100000,100000,,100,109.4518125,115.37083750000001,127.85585075000002,116.968,1.525,115.849,30,30,30,0,2631,0,0,0,0,0,0,100000.0,,P1,Limit | ProjectSet | Seq Scan | Sort | Hash Join | CTE Scan | Hash | Projector | Text Search Scan,plans/q0519.json
q0520,subquery,prefix,random_1,30,full,False,,100000,100000,100000,100000,,100,487.2652915,549.9777527,586.88431241,485.082,1.19,484.097,30,30,30,0,404982,0,0,0,0,0,0,100000.0,,P5,Limit | Seq Scan | Sort | Projector | Projector | Text Search Scan,plans/q0520.json
q0521,count_bitmap,prefix,random_1,30,full,False,,100000,100000,100000,100000,,100,418.3687295,455.6816069,476.78422434000004,419.083,1.529,418.064,100000,100000,100000,0,402623,0,0,0,0,0,0,100000.0,,P1,Aggregate | Nested Loop | Seq Scan | TID Materializer | Text Search Scan,plans/q0521.json
q0522,bitmap,prefix,random_0.75,30,full,False,,100000,100000,75000,75000,,100,483.68456249999997,549.6954723,570.27326018,482.895,1.281,481.782,30,30,30,0,404982,0,0,0,0,0,25000,100000.0,,P1,Limit | Sort | Nested Loop | Seq Scan | Projector | Projector | Text Search Scan,plans/q0522.json
q0523,enumeration,prefix,random_0.75,30,full,False,,100000,100000,75000,75000,,100,103.1241875,106.71807055,111.5436463300001,103.161,1.602,102.128,30,30,30,0,2631,0,0,0,0,0,0,100000.0,,P1,Limit | ProjectSet | Seq Scan | Sort | Hash Join | CTE Scan | Hash | Projector | Text Search Scan,plans/q0523.json
q0524,subquery,prefix,random_0.75,30,full,False,,100000,100000,75000,75000,,100,473.51685399999997,511.49820865,528.37320717,462.057,1.201,461.169,30,30,30,0,404982,0,0,0,0,0,25000,100000.0,,P5,Limit | Seq Scan | Sort | Projector | Projector | Text Search Scan,plans/q0524.json
q0525,count_bitmap,prefix,random_0.75,30,full,False,,100000,100000,75000,75000,,100,412.044125,424.7617452,430.2725135100002,407.806,1.5,406.799,75000,75000,75000,0,402623,0,0,0,0,0,25000,100000.0,,P1,Aggregate | Nested Loop | Seq Scan | TID Materializer | Text Search Scan,plans/q0525.json
q0526,bitmap,prefix,random_0.5,30,full,False,,100000,100000,50000,50000,,100,462.156333,486.62101249999995,520.20888617,461.297,1.323,460.347,30,30,30,0,404982,0,0,0,0,0,50000,100000.0,,P1,Limit | Sort | Nested Loop | Seq Scan | Projector | Projector | Text Search Scan,plans/q0526.json
q0527,enumeration,prefix,random_0.5,30,full,False,,100000,100000,50000,50000,,100,92.19847899999999,96.72421634999999,101.15035792000002,91.582,1.517,90.476,30,30,30,0,2631,0,0,0,0,0,0,100000.0,,P1,Limit | ProjectSet | Seq Scan | Sort | Hash Join | CTE Scan | Hash | Projector | Text Search Scan,plans/q0527.json
q0528,subquery,prefix,random_0.5,30,full,False,,100000,100000,50000,50000,,100,454.7363955,461.17541875,467.33621342000004,450.297,1.146,449.395,30,30,30,0,404982,0,0,0,0,0,50000,100000.0,,P5,Limit | Seq Scan | Sort | Projector | Projector | Text Search Scan,plans/q0528.json
q0529,count_bitmap,prefix,random_0.5,30,full,False,,100000,100000,50000,50000,,100,408.06712500000003,418.9941271,467.00536393000027,406.944,1.406,405.909,50000,50000,50000,0,402623,0,0,0,0,0,50000,100000.0,,P1,Aggregate | Nested Loop | Seq Scan | TID Materializer | Text Search Scan,plans/q0529.json
q0530,bitmap,prefix,random_0.25,30,full,False,,100000,100000,25000,25000,,100,439.1555835,486.35356249999995,518.08572658,432.927,1.306,431.916,30,30,30,0,404982,0,0,0,0,0,75000,100000.0,,P1,Limit | Sort | Nested Loop | Seq Scan | Projector | Projector | Text Search Scan,plans/q0530.json
q0531,enumeration,prefix,random_0.25,30,full,False,,100000,100000,25000,25000,,100,84.049959,89.0765357,109.15447259000021,79.186,2.203,78.057,30,30,30,0,2631,0,0,0,0,0,0,100000.0,,P1,Limit | ProjectSet | Seq Scan | Sort | Hash Join | CTE Scan | Hash | Projector | Text Search Scan,plans/q0531.json
q0532,subquery,prefix,random_0.25,30,full,False,,100000,100000,25000,25000,,100,440.4902085,511.9872295,516.7759765800001,430.637,1.313,429.618,30,30,30,0,404982,0,0,0,0,0,75000,100000.0,,P5,Limit | Seq Scan | Sort | Projector | Projector | Text Search Scan,plans/q0532.json
q0533,count_bitmap,prefix,random_0.25,30,full,False,,100000,100000,25000,25000,,100,395.730271,408.9086268,442.9689191700004,392.889,1.43,391.899,25000,25000,25000,0,402623,0,0,0,0,0,75000,100000.0,,P1,Aggregate | Nested Loop | Seq Scan | TID Materializer | Text Search Scan,plans/q0533.json
q0534,bitmap,prefix,random_0.1,30,full,False,,100000,100000,10000,10000,,100,401.892021,434.74962115,491.7022896700001,386.572,1.431,385.586,30,30,30,0,304942,0,0,0,0,0,90000,100000.0,,P1,Limit | Sort | Nested Loop | Seq Scan | Projector | Projector | Text Search Scan,plans/q0534.json
q0535,enumeration,prefix,random_0.1,30,full,False,,100000,100000,10000,10000,,100,79.551646,83.97338335,88.83389450000001,72.172,1.565,71.143,30,30,30,0,2630,0,0,0,0,0,0,100000.0,,P1,Limit | ProjectSet | Seq Scan | Sort | Hash Join | CTE Scan | Hash | Projector | Text Search Scan,plans/q0535.json
q0536,subquery,prefix,random_0.1,30,full,False,,100000,100000,10000,10000,,100,399.2349795,430.99963364999996,456.46495982,385.718,1.307,384.703,30,30,30,0,304942,0,0,0,0,0,90000,100000.0,,P5,Limit | Seq Scan | Sort | Projector | Projector | Text Search Scan,plans/q0536.json
q0537,count_bitmap,prefix,random_0.1,30,full,False,,100000,100000,10000,10000,,100,362.7312705,372.49231910000003,378.39367925,357.082,1.447,356.065,10000,10000,10000,0,302623,0,0,0,0,0,90000,100000.0,,P1,Aggregate | Nested Loop | Seq Scan | TID Materializer | Text Search Scan,plans/q0537.json
q0538,bitmap,prefix,random_0.05,30,full,False,,100000,100000,5000,5000,,100,358.969021,463.99043544999995,477.3881797600002,342.642,1.394,342.103,30,30,30,0,304697,0,0,0,0,0,95000,100000.0,,P1,Limit | Sort | Nested Loop | Seq Scan | Projector | Projector | Text Search Scan,plans/q0538.json
q0539,enumeration,prefix,random_0.05,30,full,False,,100000,100000,5000,5000,,100,77.20233300000001,79.713817,81.81789083000001,68.959,1.402,67.982,30,30,30,0,2630,0,0,0,0,0,0,100000.0,,P1,Limit | ProjectSet | Seq Scan | Sort | Hash Join | CTE Scan | Hash | Projector | Text Search Scan,plans/q0539.json
q0540,subquery,prefix,random_0.05,30,full,False,,100000,100000,5000,5000,,100,356.50204199999996,429.98117679999996,463.40086958999996,344.506,1.278,343.963,30,30,30,0,304697,0,0,0,0,0,95000,100000.0,,P5,Limit | Seq Scan | Sort | Projector | Projector | Text Search Scan,plans/q0540.json
q0541,count_bitmap,prefix,random_0.05,30,full,False,,100000,100000,5000,5000,,100,320.588396,359.1542369,392.36173384000006,309.597,1.51,308.626,5000,5000,5000,0,302623,0,0,0,0,0,95000,100000.0,,P1,Aggregate | Nested Loop | Seq Scan | TID Materializer | Text Search Scan,plans/q0541.json
q0542,bitmap,prefix,random_0.01,30,full,False,,100000,100000,1000,1000,,100,255.5800625,304.3887181,354.60757100999996,240.717,1.209,240.179,30,30,30,0,203431,0,0,0,0,0,99000,100000.0,,P1,Limit | Sort | Nested Loop | Seq Scan | Projector | Projector | Text Search Scan,plans/q0542.json
q0543,enumeration,prefix,random_0.01,30,full,False,,100000,100000,1000,1000,,100,75.6519585,79.3705167,81.45734458000003,67.361,1.447,66.486,30,30,30,0,2629,0,0,0,0,0,0,100000.0,,P1,Limit | ProjectSet | Seq Scan | Sort | Hash Join | CTE Scan | Hash | Projector | Text Search Scan,plans/q0543.json
q0544,subquery,prefix,random_0.01,30,full,False,,100000,100000,1000,1000,,100,256.433917,333.4925351,358.61735842,245.906,1.189,245.377,30,30,30,0,203431,0,0,0,0,0,99000,100000.0,,P5,Limit | Seq Scan | Sort | Projector | Projector | Text Search Scan,plans/q0544.json
q0545,count_bitmap,prefix,random_0.01,30,full,False,,100000,100000,1000,1000,,100,225.282646,259.39833335,314.9171844900001,214.219,1.429,213.329,1000,1000,1000,0,202623,0,0,0,0,0,99000,100000.0,,P1,Aggregate | Nested Loop | Seq Scan | TID Materializer | Text Search Scan,plans/q0545.json
q0546,bitmap,prefix,random_0.001,30,full,False,,100000,100000,100,100,,100,71.475021,74.75776395,81.1006966600001,59.539,1.267,59.009,30,30,30,0,2726,0,0,0,0,0,99900,100000.0,,P1,Limit | Sort | Nested Loop | Seq Scan | Projector | Projector | Text Search Scan,plans/q0546.json
q0547,enumeration,prefix,random_0.001,30,full,False,,100000,100000,100,100,,100,75.6470625,78.65674795000001,81.27862500000003,67.338,1.55,66.241,30,30,30,0,2627,0,0,0,0,0,0,100000.0,,P1,Limit | ProjectSet | Seq Scan | Sort | Hash Join | CTE Scan | Hash | Projector | Text Search Scan,plans/q0547.json
q0548,subquery,prefix,random_0.001,30,full,False,,100000,100000,100,100,,100,71.9978335,78.68909615,103.45890175000004,59.363,1.253,58.857,30,30,30,0,2726,0,0,0,0,0,99900,100000.0,,P5,Limit | Seq Scan | Sort | Projector | Projector | Text Search Scan,plans/q0548.json
q0549,count_bitmap,prefix,random_0.001,30,full,False,,100000,100000,100,100,,100,48.8909165,54.33309165,58.94866417000099,35.765,1.413,34.918,100,100,100,0,2623,0,0,0,0,0,99900,100000.0,,P1,Aggregate | Nested Loop | Seq Scan | TID Materializer | Text Search Scan,plans/q0549.json
q0550,bitmap,prefix,random_0,30,full,False,,100000,100000,0,0,,100,66.87625,72.29591040000001,109.38786334000015,55.116,1.302,54.574,0,0,0,0,2627,0,0,0,0,0,100000,100000.0,,P1,Limit | Sort | Nested Loop | Seq Scan | Projector | Projector | Text Search Scan,plans/q0550.json
q0551,enumeration,prefix,random_0,30,full,False,,100000,100000,0,0,,100,17.891020500000003,19.1293045,20.638388420000013,0.56,1.555,0.027,0,0,0,0,1,0,0,0,0,0,0,0,,P1,Limit | ProjectSet | Seq Scan | Sort | Hash Join | CTE Scan | Hash | Projector | Text Search Scan,plans/q0551.json
q0552,subquery,prefix,random_0,30,full,False,,100000,100000,0,0,,100,69.7980205,80.32967645,94.40633667000013,54.009,1.225,53.468,0,0,0,0,2627,0,0,0,0,0,100000,100000.0,,P5,Limit | Seq Scan | Sort | Projector | Projector | Text Search Scan,plans/q0552.json
q0553,count_bitmap,prefix,random_0,30,full,False,,100000,100000,0,0,,100,44.8276035,67.63508959999999,84.96092667000006,32.521,1.528,31.508,0,0,0,0,2623,0,0,0,0,0,100000,100000.0,,P1,Aggregate | Nested Loop | Seq Scan | TID Materializer | Text Search Scan,plans/q0553.json
q0554,native,prefix,random_1,30,full,False,,100000,100000,100000,100000,,100,46.047062499999996,50.33281875,52.531232090000024,29.371,1.025,28.838,30,30,30,0,145,0,0,0,0,0,0,30.0,,N/A,Limit | Projector | Text Search Scan,plans/q0554.json
q0555,count_native,prefix,random_1,30,full,False,,100000,100000,100000,100000,,100,17.9273755,20.3482149,20.65103441,2.052,1.053,1.802,100000,100000,100000,0,269,0,0,0,0,0,0,1.0,,N/A,Tin Count,plans/q0555.json
q0556,bitmap,broad,positive_1,30,full,False,,100000,79835,100000,79835,,100,388.45668750000004,454.9394979,475.89635333000007,385.762,0.321,385.434,30,30,30,0,324077,0,0,0,0,0,0,79835.0,,P1,Limit | Sort | Nested Loop | Seq Scan | Projector | Projector | Text Search Scan,plans/q0556.json
q0557,bitmap,rare,positive_1,30,full,False,,100000,486,100000,486,,100,18.7443125,21.046558,23.316517500000007,3.297,0.341,3.157,30,30,30,0,2833,0,0,0,0,0,0,486.0,,P1,Limit | Sort | Nested Loop | Seq Scan | Projector | Projector | Text Search Scan,plans/q0557.json
q0558,enumeration,broad,positive_1,30,full,False,,100000,79835,100000,79835,,100,1247.691354,1320.1382649,1350.6295219100002,1270.567,0.565,1270.171,30,30,30,0,1401495,0,0,0,0,0,0,80000.0,,P3,Limit | ProjectSet | Seq Scan | Sort | Nested Loop | CTE Scan | Projector | Projector | Conjunction Scan | Text Search Scan | Index TID Probe,plans/q0558.json
q0559,enumeration,rare,positive_1,30,full,False,,100000,486,100000,486,,100,36.0509795,40.27381524999999,44.45704816000001,28.529,0.443,28.358,30,30,30,0,454,0,0,0,0,0,0,486.0,,P1,Limit | ProjectSet | Seq Scan | Sort | Hash Join | CTE Scan | Hash | Projector | Text Search Scan,plans/q0559.json
q0560,bitmap,broad,positive_0.75,30,full,False,,100000,79835,75000,75000,,100,384.91141700000003,436.40674585,477.42353750000007,382.943,0.371,382.613,30,30,30,0,324077,0,0,0,0,0,4835,79835.0,,P1,Limit | Sort | Nested Loop | Seq Scan | Projector | Projector | Text Search Scan,plans/q0560.json
q0561,bitmap,rare,positive_0.75,30,full,False,,100000,486,75000,486,,100,19.4125835,21.38087225,22.110029920000002,3.165,0.37,3.03,30,30,30,0,2833,0,0,0,0,0,0,486.0,,P1,Limit | Sort | Nested Loop | Seq Scan | Projector | Projector | Text Search Scan,plans/q0561.json
q0562,enumeration,broad,positive_0.75,30,full,False,,100000,79835,75000,75000,,100,1045.0006045,1085.69424855,1115.7638875900002,1057.08,0.508,1056.684,30,30,30,0,1193459,0,0,0,0,0,0,75000.0,,P3,Limit | ProjectSet | Seq Scan | Sort | Nested Loop | CTE Scan | Projector | Projector | Conjunction Scan | Text Search Scan | Index TID Probe,plans/q0562.json
q0563,enumeration,rare,positive_0.75,30,full,False,,100000,486,75000,486,,100,30.6412495,32.76362325,34.26075508000001,21.549,0.486,21.366,30,30,30,0,454,0,0,0,0,0,0,486.0,,P1,Limit | ProjectSet | Seq Scan | Sort | Hash Join | CTE Scan | Hash | Projector | Text Search Scan,plans/q0563.json
q0564,bitmap,broad,positive_0.5,30,full,False,,100000,79835,50000,50000,,100,369.599375,377.62078160000004,386.18327825000046,360.779,0.372,360.461,30,30,30,0,324077,0,0,0,0,0,29835,79835.0,,P1,Limit | Sort | Nested Loop | Seq Scan | Projector | Projector | Text Search Scan,plans/q0564.json
q0565,bitmap,rare,positive_0.5,30,full,False,,100000,486,50000,486,,100,18.419979499999997,20.956220849999998,21.42220408,3.202,0.418,3.05,30,30,30,0,2833,0,0,0,0,0,0,486.0,,P1,Limit | Sort | Nested Loop | Seq Scan | Projector | Projector | Text Search Scan,plans/q0565.json
q0566,enumeration,broad,positive_0.5,30,full,False,,100000,79835,50000,50000,,100,701.6953335000001,715.1984173,748.2209020900001,702.048,0.504,701.631,30,30,30,0,795292,0,0,0,0,0,0,50000.0,,P3,Limit | ProjectSet | Seq Scan | Sort | Nested Loop | CTE Scan | Projector | Projector | Conjunction Scan | Text Search Scan | Index TID Probe,plans/q0566.json
q0567,enumeration,rare,positive_0.5,30,full,False,,100000,486,50000,486,,100,26.441375,29.971455949999996,32.3481025,15.002,0.488,14.784,30,30,30,0,454,0,0,0,0,0,0,486.0,,P1,Limit | ProjectSet | Seq Scan | Sort | Hash Join | CTE Scan | Hash | Projector | Text Search Scan,plans/q0567.json
q0568,bitmap,broad,positive_0.25,30,full,False,,100000,79835,25000,25000,,100,345.3738745,354.05195625,358.46357042000005,339.018,0.4,338.686,30,30,30,0,324077,0,0,0,0,0,54835,79835.0,,P1,Limit | Sort | Nested Loop | Seq Scan | Projector | Projector | Text Search Scan,plans/q0568.json
q0569,bitmap,rare,positive_0.25,30,full,False,,100000,486,25000,486,,100,18.5960835,21.80546665,23.23190625000001,3.279,0.396,3.133,30,30,30,0,2833,0,0,0,0,0,0,486.0,,P1,Limit | Sort | Nested Loop | Seq Scan | Projector | Projector | Text Search Scan,plans/q0569.json
q0570,enumeration,broad,positive_0.25,30,full,False,,100000,79835,25000,25000,,100,364.30489550000004,436.0945152499999,459.14484383,353.836,0.457,353.434,30,30,30,0,397920,0,0,0,0,0,0,25000.0,,P3,Limit | ProjectSet | Seq Scan | Sort | Nested Loop | CTE Scan | Projector | Projector | Conjunction Scan | Text Search Scan | Index TID Probe,plans/q0570.json
q0571,enumeration,rare,positive_0.25,30,full,False,,100000,486,25000,486,,100,21.542562,24.00891875,24.29531283000001,9.669,0.659,9.48,30,30,30,0,454,0,0,0,0,0,0,486.0,,P1,Limit | ProjectSet | Seq Scan | Sort | Hash Join | CTE Scan | Hash | Projector | Text Search Scan,plans/q0571.json
q0572,bitmap,broad,positive_0.1,30,full,False,,100000,79835,10000,10000,,100,312.0256045,316.25806045,323.5489879200002,297.098,0.342,296.78,30,30,30,0,244211,0,0,0,0,0,69835,79835.0,,P1,Limit | Sort | Nested Loop | Seq Scan | Projector | Projector | Text Search Scan,plans/q0572.json
q0573,bitmap,rare,positive_0.1,30,full,False,,100000,486,10000,486,,100,18.869999999999997,22.90977915,24.91465357000003,2.938,0.362,2.802,30,30,30,0,2347,0,0,0,0,0,0,486.0,,P1,Limit | Sort | Nested Loop | Seq Scan | Projector | Projector | Text Search Scan,plans/q0573.json
q0574,enumeration,broad,positive_0.1,30,full,False,,100000,79835,10000,10000,,100,156.4300205,161.76472145,166.89924750000003,143.302,0.482,142.914,30,30,30,0,159350,0,0,0,0,0,0,10000.0,,P3,Limit | ProjectSet | Seq Scan | Sort | Nested Loop | CTE Scan | Projector | Projector | Conjunction Scan | Text Search Scan | Index TID Probe,plans/q0574.json
q0575,enumeration,rare,positive_0.1,30,full,False,,100000,486,10000,486,,100,18.637542,23.111409,24.982982920000037,3.905,0.488,3.753,30,30,30,0,453,0,0,0,0,0,0,486.0,,P1,Limit | ProjectSet | Seq Scan | Sort | Hash Join | CTE Scan | Hash | Projector | Text Search Scan,plans/q0575.json
q0576,bitmap,broad,positive_0.05,30,full,False,,100000,79835,5000,5000,,100,260.625646,334.78140595,357.07669191000014,249.788,0.397,249.629,30,30,30,0,243038,0,0,0,0,0,74835,79835.0,,P1,Limit | Sort | Nested Loop | Seq Scan | Projector | Projector | Text Search Scan,plans/q0576.json
q0577,bitmap,rare,positive_0.05,30,full,False,,100000,486,5000,228,,100,18.758416500000003,25.3791497,44.65127392000002,2.458,0.358,2.327,30,30,30,0,2115,0,0,0,0,0,258,486.0,,P1,Limit | Sort | Nested Loop | Seq Scan | Projector | Projector | Text Search Scan,plans/q0577.json
q0578,enumeration,broad,positive_0.05,30,full,False,,100000,79835,5000,5000,,100,86.578896,90.54665865,98.02443533000002,71.329,0.444,71.147,30,30,30,0,80159,0,0,0,0,0,0,5000.0,,P3,Limit | ProjectSet | Seq Scan | Sort | Nested Loop | CTE Scan | Projector | Projector | Conjunction Scan | Text Search Scan | Index TID Probe,plans/q0578.json
q0579,enumeration,rare,positive_0.05,30,full,False,,100000,486,5000,228,,100,18.017604,20.066954499999998,21.731761160000023,2.401,0.347,2.248,30,30,30,0,453,0,0,0,0,0,0,486.0,,P1,Limit | ProjectSet | Seq Scan | Sort | Hash Join | CTE Scan | Hash | Projector | Text Search Scan,plans/q0579.json
q0580,bitmap,broad,positive_0.01,30,full,False,,100000,79835,1000,1000,,100,195.0095415,202.91505865,210.3417262500001,183.137,0.327,182.993,30,30,30,0,162289,0,0,0,0,0,78835,79835.0,,P1,Limit | Sort | Nested Loop | Seq Scan | Projector | Projector | Text Search Scan,plans/q0580.json
q0581,bitmap,rare,positive_0.01,30,full,False,,100000,486,1000,54,,100,17.95475,20.90963335,25.00306950000002,1.987,0.368,1.851,30,30,30,0,1468,0,0,0,0,0,432,486.0,,P1,Limit | Sort | Nested Loop | Seq Scan | Projector | Projector | Text Search Scan,plans/q0581.json
q0582,enumeration,broad,positive_0.01,30,full,False,,100000,79835,1000,1000,,100,31.640895999999998,42.64302674999999,57.888085080000046,13.493,0.508,13.341,30,30,30,0,12010,0,0,0,0,0,0,1000.0,,P3,Limit | ProjectSet | Seq Scan | Sort | Nested Loop | CTE Scan | Projector | Projector | Conjunction Scan | Text Search Scan | Index TID Probe,plans/q0582.json
q0583,enumeration,rare,positive_0.01,30,full,False,,100000,486,1000,54,,100,17.4927295,20.536881549999997,22.545906660000004,1.229,0.395,1.101,30,30,30,0,452,0,0,0,0,0,0,486.0,,P1,Limit | ProjectSet | Seq Scan | Sort | Hash Join | CTE Scan | Hash | Projector | Text Search Scan,plans/q0583.json
q0584,bitmap,broad,positive_0.001,30,full,False,,100000,79835,100,100,,100,48.0685835,53.0886598,59.390986250000104,35.65,0.276,35.525,30,30,30,0,2407,0,0,0,0,0,79735,79835.0,,P1,Limit | Sort | Nested Loop | Seq Scan | Projector | Projector | Text Search Scan,plans/q0584.json
q0585,bitmap,rare,positive_0.001,30,full,False,,100000,486,100,10,,100,16.854499500000003,21.19456009999999,40.10846300000002,0.931,0.412,0.776,10,10,10,0,457,0,0,0,0,0,476,486.0,,P1,Limit | Sort | Nested Loop | Seq Scan | Projector | Projector | Text Search Scan,plans/q0585.json
q0586,enumeration,broad,positive_0.001,30,full,False,,100000,79835,100,100,,100,17.919916999999998,19.97976635,21.353546660000017,1.554,0.496,1.418,30,30,30,0,1208,0,0,0,0,0,0,100.0,,P3,Limit | ProjectSet | Seq Scan | Sort | Nested Loop | CTE Scan | Projector | Projector | Conjunction Scan | Text Search Scan | Index TID Probe,plans/q0586.json
q0587,enumeration,rare,positive_0.001,30,full,False,,100000,486,100,10,,100,16.432603999999998,18.48235175,20.04656259000002,1.022,0.39,0.89,10,10,10,0,450,0,0,0,0,0,0,486.0,,P1,Limit | ProjectSet | Seq Scan | Sort | Hash Join | CTE Scan | Hash | Projector | Text Search Scan,plans/q0587.json
q0588,bitmap,broad,positive_0,30,full,False,,100000,79835,0,0,,100,44.748228499999996,46.72829345,47.44722509,32.187,0.382,32.033,0,0,0,0,2382,0,0,0,0,0,79835,79835.0,,P1,Limit | Sort | Nested Loop | Seq Scan | Projector | Projector | Text Search Scan,plans/q0588.json
q0589,bitmap,rare,positive_0,30,full,False,,100000,486,0,0,,100,16.278437500000003,19.008997899999997,21.46010658,0.912,0.336,0.786,0,0,0,0,450,0,0,0,0,0,486,486.0,,P1,Limit | Sort | Nested Loop | Seq Scan | Projector | Projector | Text Search Scan,plans/q0589.json
q0590,enumeration,broad,positive_0,30,full,False,,100000,79835,0,0,,100,16.2844585,20.0056524,46.35833041000001,0.136,0.48,0.019,0,0,0,0,1,0,0,0,0,0,0,0,,P3,Limit | ProjectSet | Seq Scan | Sort | Nested Loop | CTE Scan | Projector | Projector | Conjunction Scan | Text Search Scan | Index TID Probe,plans/q0590.json
q0591,enumeration,rare,positive_0,30,full,False,,100000,486,0,0,,100,15.955812,20.10374585,34.47419742000013,0.193,0.476,0.024,0,0,0,0,1,0,0,0,0,0,0,0,,P1,Limit | ProjectSet | Seq Scan | Sort | Hash Join | CTE Scan | Hash | Projector | Text Search Scan,plans/q0591.json
q0592,bitmap,broad,negative_1,30,full,False,,100000,79835,100000,79835,,100,386.61729149999996,407.62692499999997,412.77903625000005,383.567,0.316,383.243,30,30,30,0,324077,0,0,0,0,0,0,79835.0,,P1,Limit | Sort | Nested Loop | Seq Scan | Projector | Projector | Text Search Scan,plans/q0592.json
q0593,bitmap,rare,negative_1,30,full,False,,100000,486,100000,486,,100,18.669666499999998,22.22526075,25.129188240000023,3.103,0.363,2.978,30,30,30,0,2833,0,0,0,0,0,0,486.0,,P1,Limit | Sort | Nested Loop | Seq Scan | Projector | Projector | Text Search Scan,plans/q0593.json
q0594,enumeration,broad,negative_1,30,full,False,,100000,79835,100000,79835,,100,1241.722354,1260.69489135,1331.11558283,1257.175,0.485,1256.792,30,30,30,0,1401495,0,0,0,0,0,0,80000.0,,P3,Limit | ProjectSet | Seq Scan | Sort | Nested Loop | CTE Scan | Projector | Projector | Conjunction Scan | Text Search Scan | Index TID Probe,plans/q0594.json
q0595,enumeration,rare,negative_1,30,full,False,,100000,486,100000,486,,100,36.2856045,38.472612149999996,41.114437920000036,28.69,0.421,28.522,30,30,30,0,454,0,0,0,0,0,0,486.0,,P1,Limit | ProjectSet | Seq Scan | Sort | Hash Join | CTE Scan | Hash | Projector | Text Search Scan,plans/q0595.json
q0596,bitmap,broad,negative_0.75,30,full,False,,100000,79835,75000,54835,,100,372.0491875,380.44694200000004,384.83082967,365.741,0.374,365.414,30,30,30,0,324077,0,0,0,0,0,25000,79835.0,,P1,Limit | Sort | Nested Loop | Seq Scan | Projector | Projector | Text Search Scan,plans/q0596.json
q0597,bitmap,rare,negative_0.75,30,full,False,,100000,486,75000,0,,100,18.4683335,22.16996905,23.687029590000012,2.586,0.359,2.464,0,0,0,0,2394,0,0,0,0,0,486,486.0,,P1,Limit | Sort | Nested Loop | Seq Scan | Projector | Projector | Text Search Scan,plans/q0597.json
q0598,enumeration,broad,negative_0.75,30,full,False,,100000,79835,75000,54835,,100,903.7745,942.1045375,972.0260906600001,916.007,0.528,915.593,30,30,30,0,1003587,0,0,0,0,0,0,54750.0,,P3,Limit | ProjectSet | Seq Scan | Sort | Nested Loop | CTE Scan | Projector | Projector | Conjunction Scan | Text Search Scan | Index TID Probe,plans/q0598.json
q0599,enumeration,rare,negative_0.75,30,full,False,,100000,486,75000,0,,100,31.5490005,42.018585099999996,48.13452592000001,22.103,0.354,21.926,0,0,0,0,454,0,0,0,0,0,0,486.0,,P1,Limit | ProjectSet | Seq Scan | Sort | Hash Join | CTE Scan | Hash | Projector | Text Search Scan,plans/q0599.json
q0600,bitmap,broad,negative_0.5,30,full,False,,100000,79835,50000,29835,,100,351.9792295,400.5266771,423.13932842,341.604,0.341,341.296,30,30,30,0,324077,0,0,0,0,0,50000,79835.0,,P1,Limit | Sort | Nested Loop | Seq Scan | Projector | Projector | Text Search Scan,plans/q0600.json
q0601,bitmap,rare,negative_0.5,30,full,False,,100000,486,50000,0,,100,18.623021,20.8025896,21.653526580000033,2.607,0.341,2.482,0,0,0,0,2394,0,0,0,0,0,486,486.0,,P1,Limit | Sort | Nested Loop | Seq Scan | Projector | Projector | Text Search Scan,plans/q0601.json
q0602,enumeration,broad,negative_0.5,30,full,False,,100000,79835,50000,29835,,100,561.9312709999999,582.76322085,617.6228414900003,562.593,0.462,562.209,30,30,30,0,606215,0,0,0,0,0,0,30000.0,,P3,Limit | ProjectSet | Seq Scan | Sort | Nested Loop | CTE Scan | Projector | Projector | Conjunction Scan | Text Search Scan | Index TID Probe,plans/q0602.json
q0603,enumeration,rare,negative_0.5,30,full,False,,100000,486,50000,0,,100,26.789146000000002,30.6575,32.47863075000004,14.726,0.385,14.561,0,0,0,0,454,0,0,0,0,0,0,486.0,,P1,Limit | ProjectSet | Seq Scan | Sort | Hash Join | CTE Scan | Hash | Projector | Text Search Scan,plans/q0603.json
q0604,bitmap,broad,negative_0.25,30,full,False,,100000,79835,25000,4835,,100,332.3210415,354.4739681,414.21167916000013,323.896,0.365,323.746,30,30,30,0,322865,0,0,0,0,0,75000,79835.0,,P1,Limit | Sort | Nested Loop | Seq Scan | Projector | Projector | Text Search Scan,plans/q0604.json
q0605,bitmap,rare,negative_0.25,30,full,False,,100000,486,25000,0,,100,18.010437500000002,20.8610434,20.996624670000003,2.619,0.36,2.492,0,0,0,0,2394,0,0,0,0,0,486,486.0,,P1,Limit | Sort | Nested Loop | Seq Scan | Projector | Projector | Text Search Scan,plans/q0605.json
q0606,enumeration,broad,negative_0.25,30,full,False,,100000,79835,25000,4835,,100,214.32014600000002,219.82875274999998,222.70280742000003,207.502,0.421,207.338,30,30,30,0,208048,0,0,0,0,0,0,4750.0,,P3,Limit | ProjectSet | Seq Scan | Sort | Nested Loop | CTE Scan | Projector | Projector | Conjunction Scan | Text Search Scan | Index TID Probe,plans/q0606.json
q0607,enumeration,rare,negative_0.25,30,full,False,,100000,486,25000,0,,100,21.644124499999997,24.82328715,26.471335090000004,7.871,0.396,7.741,0,0,0,0,454,0,0,0,0,0,0,486.0,,P1,Limit | ProjectSet | Seq Scan | Sort | Hash Join | CTE Scan | Hash | Projector | Text Search Scan,plans/q0607.json
q0608,bitmap,broad,negative_0.1,30,full,False,,100000,79835,10000,0,,100,307.8898755,409.25501249999996,409.71213,293.974,0.399,293.816,0,0,0,0,241887,0,0,0,0,0,79835,79835.0,,P1,Limit | Sort | Nested Loop | Seq Scan | Projector | Projector | Text Search Scan,plans/q0608.json
q0609,bitmap,rare,negative_0.1,30,full,False,,100000,486,10000,0,,100,17.9293335,22.0470431,22.672050000000006,2.5,0.334,2.377,0,0,0,0,1908,0,0,0,0,0,486,486.0,,P1,Limit | Sort | Nested Loop | Seq Scan | Projector | Projector | Text Search Scan,plans/q0609.json
q0610,enumeration,broad,negative_0.1,30,full,False,,100000,79835,10000,0,,100,80.694,84.61205,86.72704374999999,68.504,0.49,68.327,0,0,0,0,63100,0,0,0,0,0,0,0.0,,P3,Limit | ProjectSet | Seq Scan | Sort | Nested Loop | CTE Scan | Projector | Projector | Conjunction Scan | Text Search Scan | Index TID Probe,plans/q0610.json
q0611,enumeration,rare,negative_0.1,30,full,False,,100000,486,10000,0,,100,19.6340625,22.3433378,23.740247170000153,3.792,0.509,3.63,0,0,0,0,453,0,0,0,0,0,0,486.0,,P1,Limit | ProjectSet | Seq Scan | Sort | Hash Join | CTE Scan | Hash | Projector | Text Search Scan,plans/q0611.json
q0612,bitmap,broad,negative_0.05,30,full,False,,100000,79835,5000,0,,100,253.2204375,316.87083095,322.9531200800002,239.906,0.397,239.751,0,0,0,0,241887,0,0,0,0,0,79835,79835.0,,P1,Limit | Sort | Nested Loop | Seq Scan | Projector | Projector | Text Search Scan,plans/q0612.json
q0613,bitmap,rare,negative_0.05,30,full,False,,100000,486,5000,0,,100,18.034208,20.8870285,23.594470330000004,2.121,0.393,1.999,0,0,0,0,1908,0,0,0,0,0,486,486.0,,P1,Limit | Sort | Nested Loop | Seq Scan | Projector | Projector | Text Search Scan,plans/q0613.json
q0614,enumeration,broad,negative_0.05,30,full,False,,100000,79835,5000,0,,100,48.5920625,53.4783729,55.64127583,33.867,0.403,33.741,0,0,0,0,30011,0,0,0,0,0,0,0.0,,P3,Limit | ProjectSet | Seq Scan | Sort | Nested Loop | CTE Scan | Projector | Projector | Conjunction Scan | Text Search Scan | Index TID Probe,plans/q0614.json
q0615,enumeration,rare,negative_0.05,30,full,False,,100000,486,5000,0,,100,17.9604165,21.0666774,23.67997934,2.362,0.384,2.236,0,0,0,0,453,0,0,0,0,0,0,486.0,,P1,Limit | ProjectSet | Seq Scan | Sort | Hash Join | CTE Scan | Hash | Projector | Text Search Scan,plans/q0615.json
q0616,bitmap,broad,negative_0.01,30,full,False,,100000,79835,1000,0,,100,193.09060449999998,199.7759479,214.37840200000005,180.294,0.441,180.107,0,0,0,0,162052,0,0,0,0,0,79835,79835.0,,P1,Limit | Sort | Nested Loop | Seq Scan | Projector | Projector | Text Search Scan,plans/q0616.json
q0617,bitmap,rare,negative_0.01,30,full,False,,100000,486,1000,0,,100,17.9489585,20.899366649999997,21.702832920000017,1.857,0.333,1.73,0,0,0,0,1422,0,0,0,0,0,486,486.0,,P1,Limit | Sort | Nested Loop | Seq Scan | Projector | Projector | Text Search Scan,plans/q0617.json
q0618,enumeration,broad,negative_0.01,30,full,False,,100000,79835,1000,0,,100,22.800625,26.607430949999998,31.083397920000007,6.986,0.427,6.862,0,0,0,0,6010,0,0,0,0,0,0,0.0,,P3,Limit | ProjectSet | Seq Scan | Sort | Nested Loop | CTE Scan | Projector | Projector | Conjunction Scan | Text Search Scan | Index TID Probe,plans/q0618.json
q0619,enumeration,rare,negative_0.01,30,full,False,,100000,486,1000,0,,100,17.927604000000002,19.6340851,19.949082170000022,1.266,0.404,1.146,0,0,0,0,452,0,0,0,0,0,0,486.0,,P1,Limit | ProjectSet | Seq Scan | Sort | Hash Join | CTE Scan | Hash | Projector | Text Search Scan,plans/q0619.json
q0620,bitmap,broad,negative_0.001,30,full,False,,100000,79835,100,0,,100,45.954396,48.93382915,50.09100059000001,34.261,0.347,34.121,0,0,0,0,2382,0,0,0,0,0,79835,79835.0,,P1,Limit | Sort | Nested Loop | Seq Scan | Projector | Projector | Text Search Scan,plans/q0620.json
q0621,bitmap,rare,negative_0.001,30,full,False,,100000,486,100,0,,100,17.4731665,27.2759003,41.71442542,0.957,0.348,0.834,0,0,0,0,450,0,0,0,0,0,486,486.0,,P1,Limit | Sort | Nested Loop | Seq Scan | Projector | Projector | Text Search Scan,plans/q0621.json
q0622,enumeration,broad,negative_0.001,30,full,False,,100000,79835,100,0,,100,16.38425,19.1088521,21.131291080000004,0.971,0.567,0.832,0,0,0,0,608,0,0,0,0,0,0,0.0,,P3,Limit | ProjectSet | Seq Scan | Sort | Nested Loop | CTE Scan | Projector | Projector | Conjunction Scan | Text Search Scan | Index TID Probe,plans/q0622.json
q0623,enumeration,rare,negative_0.001,30,full,False,,100000,486,100,0,,100,16.628521,18.91111395,20.03696158000001,0.956,0.361,0.833,0,0,0,0,450,0,0,0,0,0,0,486.0,,P1,Limit | ProjectSet | Seq Scan | Sort | Hash Join | CTE Scan | Hash | Projector | Text Search Scan,plans/q0623.json
q0624,bitmap,broad,negative_0,30,full,False,,100000,79835,0,0,,100,44.692854,46.632562500000006,47.004461250000006,32.308,0.411,32.153,0,0,0,0,2382,0,0,0,0,0,79835,79835.0,,P1,Limit | Sort | Nested Loop | Seq Scan | Projector | Projector | Text Search Scan,plans/q0624.json
q0625,bitmap,rare,negative_0,30,full,False,,100000,486,0,0,,100,15.988979,20.0726625,22.03371325,1.302,0.466,1.122,0,0,0,0,450,0,0,0,0,0,486,486.0,,P1,Limit | Sort | Nested Loop | Seq Scan | Projector | Projector | Text Search Scan,plans/q0625.json
q0626,enumeration,broad,negative_0,30,full,False,,100000,79835,0,0,,100,15.094354500000001,20.2609875,21.591449760000007,0.165,0.454,0.02,0,0,0,0,1,0,0,0,0,0,0,0,,P3,Limit | ProjectSet | Seq Scan | Sort | Nested Loop | CTE Scan | Projector | Projector | Conjunction Scan | Text Search Scan | Index TID Probe,plans/q0626.json
q0627,enumeration,rare,negative_0,30,full,False,,100000,486,0,0,,100,15.298979,19.0134351,21.98033884,0.156,0.481,0.022,0,0,0,0,1,0,0,0,0,0,0,0,,P1,Limit | ProjectSet | Seq Scan | Sort | Hash Join | CTE Scan | Hash | Projector | Text Search Scan,plans/q0627.json
q0628,bitmap,broad,clustered_1,30,full,False,,100000,79835,100000,79835,,100,392.2172295,452.5125771,466.10471542,390.002,0.415,389.676,30,30,30,0,324077,0,0,0,0,0,0,79835.0,,P1,Limit | Sort | Nested Loop | Seq Scan | Projector | Projector | Text Search Scan,plans/q0628.json
q0629,bitmap,rare,clustered_1,30,full,False,,100000,486,100000,486,,100,18.944812499999998,21.4731622,22.49599175,3.236,0.381,3.065,30,30,30,0,2833,0,0,0,0,0,0,486.0,,P1,Limit | Sort | Nested Loop | Seq Scan | Projector | Projector | Text Search Scan,plans/q0629.json
q0630,enumeration,broad,clustered_1,30,full,False,,100000,79835,100000,79835,,100,1243.4108335,1328.067192,1334.24013033,1256.801,0.411,1256.418,30,30,30,0,1401495,0,0,0,0,0,0,80000.0,,P3,Limit | ProjectSet | Seq Scan | Sort | Nested Loop | CTE Scan | Projector | Projector | Conjunction Scan | Text Search Scan | Index TID Probe,plans/q0630.json
q0631,enumeration,rare,clustered_1,30,full,False,,100000,486,100000,486,,100,36.136146,43.893664249999986,209.73131791999998,28.628,0.425,28.469,30,30,30,0,454,0,0,0,0,0,0,486.0,,P1,Limit | ProjectSet | Seq Scan | Sort | Hash Join | CTE Scan | Hash | Projector | Text Search Scan,plans/q0631.json
q0632,bitmap,broad,clustered_0.75,30,full,False,,100000,79835,75000,59970,,100,375.606333,455.7720045,474.0708325,369.934,0.411,369.564,30,30,30,0,323488,0,0,0,0,0,19865,79835.0,,P1,Limit | Sort | Nested Loop | Seq Scan | Projector | Projector | Text Search Scan,plans/q0632.json
q0633,bitmap,rare,clustered_0.75,30,full,False,,100000,486,75000,340,,100,18.9206455,23.216658,24.06971867,3.104,0.394,2.943,30,30,30,0,2703,0,0,0,0,0,146,486.0,,P1,Limit | Sort | Nested Loop | Seq Scan | Projector | Projector | Text Search Scan,plans/q0633.json
q0634,enumeration,broad,clustered_0.75,30,full,False,,100000,79835,75000,59970,,100,940.9922915,1024.1843062500002,1033.47879708,947.777,0.475,947.352,30,30,30,0,1068743,0,0,0,0,0,0,60000.0,,P3,Limit | ProjectSet | Seq Scan | Sort | Nested Loop | CTE Scan | Projector | Projector | Conjunction Scan | Text Search Scan | Index TID Probe,plans/q0634.json
q0635,enumeration,rare,clustered_0.75,30,full,False,,100000,486,75000,340,,100,30.8109375,33.026987500000004,38.172007910000026,21.341,0.35,21.209,30,30,30,0,454,0,0,0,0,0,0,486.0,,P1,Limit | ProjectSet | Seq Scan | Sort | Hash Join | CTE Scan | Hash | Projector | Text Search Scan,plans/q0635.json
q0636,bitmap,broad,clustered_0.5,30,full,False,,100000,79835,50000,39914,,100,286.188292,307.65339585,337.84627226,280.468,0.441,280.134,30,30,30,0,243064,0,0,0,0,0,39921,79835.0,,P1,Limit | Sort | Nested Loop | Seq Scan | Projector | Projector | Text Search Scan,plans/q0636.json
q0637,bitmap,rare,clustered_0.5,30,full,False,,100000,486,50000,231,,100,17.9952295,21.33193545,21.522430590000006,2.336,0.32,2.212,30,30,30,0,2118,0,0,0,0,0,255,486.0,,P1,Limit | Sort | Nested Loop | Seq Scan | Projector | Projector | Text Search Scan,plans/q0637.json
q0638,enumeration,broad,clustered_0.5,30,full,False,,100000,79835,50000,39914,,100,628.5431249999999,714.63065035,717.34999708,632.661,0.523,632.246,30,30,30,0,705993,0,0,0,0,0,0,40000.0,,P3,Limit | ProjectSet | Seq Scan | Sort | Nested Loop | CTE Scan | Projector | Projector | Conjunction Scan | Text Search Scan | Index TID Probe,plans/q0638.json
q0639,enumeration,rare,clustered_0.5,30,full,False,,100000,486,50000,231,,100,26.889354,28.651612500000002,31.68763392000012,14.671,0.452,14.515,30,30,30,0,453,0,0,0,0,0,0,486.0,,P1,Limit | ProjectSet | Seq Scan | Sort | Hash Join | CTE Scan | Hash | Projector | Text Search Scan,plans/q0639.json
q0640,bitmap,broad,clustered_0.25,30,full,False,,100000,79835,25000,19993,,100,272.925104,346.4081089499999,374.57484708,266.196,0.398,265.86,30,30,30,0,242474,0,0,0,0,0,59842,79835.0,,P1,Limit | Sort | Nested Loop | Seq Scan | Projector | Projector | Text Search Scan,plans/q0640.json
q0641,bitmap,rare,clustered_0.25,30,full,False,,100000,486,25000,126,,100,18.4241665,21.0854306,21.943098750000015,2.356,0.372,2.212,30,30,30,0,2020,0,0,0,0,0,360,486.0,,P1,Limit | Sort | Nested Loop | Seq Scan | Projector | Projector | Text Search Scan,plans/q0641.json
q0642,enumeration,broad,clustered_0.25,30,full,False,,100000,79835,25000,19993,,100,313.749813,339.87113509999995,374.8070979200001,310.305,0.447,309.906,30,30,30,0,325272,0,0,0,0,0,0,20000.0,,P3,Limit | ProjectSet | Seq Scan | Sort | Nested Loop | CTE Scan | Projector | Projector | Conjunction Scan | Text Search Scan | Index TID Probe,plans/q0642.json
q0643,enumeration,rare,clustered_0.25,30,full,False,,100000,486,25000,126,,100,20.98625,23.069752049999998,24.613881840000005,7.808,0.432,7.674,30,30,30,0,453,0,0,0,0,0,0,486.0,,P1,Limit | ProjectSet | Seq Scan | Sort | Hash Join | CTE Scan | Hash | Projector | Text Search Scan,plans/q0643.json
q0644,bitmap,broad,clustered_0.1,30,full,False,,100000,79835,10000,8015,,100,262.75829150000004,269.60624644999996,276.17370017,252.166,0.391,251.986,30,30,30,0,242120,0,0,0,0,0,71820,79835.0,,P1,Limit | Sort | Nested Loop | Seq Scan | Projector | Projector | Text Search Scan,plans/q0644.json
q0645,bitmap,rare,clustered_0.1,30,full,False,,100000,486,10000,53,,100,18.0181045,20.205758049999996,22.109040090000033,2.285,0.421,2.143,30,30,30,0,1953,0,0,0,0,0,433,486.0,,P1,Limit | Sort | Nested Loop | Seq Scan | Projector | Projector | Text Search Scan,plans/q0645.json
q0646,enumeration,broad,clustered_0.1,30,full,False,,100000,79835,10000,8015,,100,130.826354,138.21306635,140.50154342000013,120.179,0.488,119.951,30,30,30,0,108101,0,0,0,0,0,0,8000.0,,P3,Limit | ProjectSet | Seq Scan | Sort | Nested Loop | CTE Scan | Projector | Projector | Conjunction Scan | Text Search Scan | Index TID Probe,plans/q0646.json
q0647,enumeration,rare,clustered_0.1,30,full,False,,100000,486,10000,53,,100,18.788104,22.457585449999996,26.326462910000004,3.786,0.418,3.645,30,30,30,0,453,0,0,0,0,0,0,486.0,,P1,Limit | ProjectSet | Seq Scan | Sort | Hash Join | CTE Scan | Hash | Projector | Text Search Scan,plans/q0647.json
q0648,bitmap,broad,clustered_0.05,30,full,False,,100000,79835,5000,3994,,100,259.6708335,266.19776635,269.82461175000003,248.015,0.335,247.866,30,30,30,0,242004,0,0,0,0,0,75841,79835.0,,P1,Limit | Sort | Nested Loop | Seq Scan | Projector | Projector | Text Search Scan,plans/q0648.json
q0649,bitmap,rare,clustered_0.05,30,full,False,,100000,486,5000,28,,100,18.022624999999998,20.3618726,21.546218930000006,2.254,0.391,2.12,28,28,28,0,1932,0,0,0,0,0,458,486.0,,P1,Limit | Sort | Nested Loop | Seq Scan | Projector | Projector | Text Search Scan,plans/q0649.json
q0650,enumeration,broad,clustered_0.05,30,full,False,,100000,79835,5000,3994,,100,73.0155625,78.0082458,81.19528375000002,57.944,0.387,57.744,30,30,30,0,53975,0,0,0,0,0,0,4000.0,,P3,Limit | ProjectSet | Seq Scan | Sort | Nested Loop | CTE Scan | Projector | Projector | Conjunction Scan | Text Search Scan | Index TID Probe,plans/q0650.json
q0651,enumeration,rare,clustered_0.05,30,full,False,,100000,486,5000,28,,100,18.3533125,20.51854105,23.51360375000001,2.402,0.436,2.251,28,28,28,0,453,0,0,0,0,0,0,486.0,,P1,Limit | ProjectSet | Seq Scan | Sort | Hash Join | CTE Scan | Hash | Projector | Text Search Scan,plans/q0651.json
q0652,bitmap,broad,clustered_0.01,30,full,False,,100000,79835,1000,796,,100,195.1855835,202.06023689999998,243.5794850800004,182.965,0.379,182.81,30,30,30,0,162076,0,0,0,0,0,79039,79835.0,,P1,Limit | Sort | Nested Loop | Seq Scan | Projector | Projector | Text Search Scan,plans/q0652.json
q0653,bitmap,rare,clustered_0.01,30,full,False,,100000,486,1000,9,,100,17.891021000000002,20.997363149999998,24.20929825000001,1.84,0.339,1.715,9,9,9,0,1428,0,0,0,0,0,477,486.0,,P1,Limit | Sort | Nested Loop | Seq Scan | Projector | Projector | Text Search Scan,plans/q0653.json
q0654,enumeration,broad,clustered_0.01,30,full,False,,100000,79835,1000,796,,100,27.9544585,30.5547149,32.13830167000002,11.687,0.448,11.538,30,30,30,0,10786,0,0,0,0,0,0,800.0,,P3,Limit | ProjectSet | Seq Scan | Sort | Nested Loop | CTE Scan | Projector | Projector | Conjunction Scan | Text Search Scan | Index TID Probe,plans/q0654.json
q0655,enumeration,rare,clustered_0.01,30,full,False,,100000,486,1000,9,,100,17.252187,18.88049135,20.04833491000001,1.249,0.431,1.117,9,9,9,0,452,0,0,0,0,0,0,486.0,,P1,Limit | ProjectSet | Seq Scan | Sort | Hash Join | CTE Scan | Hash | Projector | Text Search Scan,plans/q0655.json
q0656,bitmap,broad,clustered_0.001,30,full,False,,100000,79835,100,80,,100,47.323541500000005,51.80957435,57.057060830000005,35.652,0.384,35.503,30,30,30,0,2385,0,0,0,0,0,79755,79835.0,,P1,Limit | Sort | Nested Loop | Seq Scan | Projector | Projector | Text Search Scan,plans/q0656.json
q0657,bitmap,rare,clustered_0.001,30,full,False,,100000,486,100,0,,100,16.924,21.01523365,25.018690170000042,0.889,0.341,0.765,0,0,0,0,450,0,0,0,0,0,486,486.0,,P1,Limit | Sort | Nested Loop | Seq Scan | Projector | Projector | Text Search Scan,plans/q0657.json
q0658,enumeration,broad,clustered_0.001,30,full,False,,100000,79835,100,80,,100,17.9626455,19.995151449999998,21.795412330000026,1.521,0.46,1.371,30,30,30,0,1088,0,0,0,0,0,0,80.0,,P3,Limit | ProjectSet | Seq Scan | Sort | Nested Loop | CTE Scan | Projector | Projector | Conjunction Scan | Text Search Scan | Index TID Probe,plans/q0658.json
q0659,enumeration,rare,clustered_0.001,30,full,False,,100000,486,100,0,,100,16.605292,20.636497899999995,25.589406840000002,0.998,0.43,0.86,0,0,0,0,450,0,0,0,0,0,0,486.0,,P1,Limit | ProjectSet | Seq Scan | Sort | Hash Join | CTE Scan | Hash | Projector | Text Search Scan,plans/q0659.json
q0660,bitmap,broad,clustered_0,30,full,False,,100000,79835,0,0,,100,44.255708,47.60079375,51.475849670000024,31.917,0.358,31.768,0,0,0,0,2382,0,0,0,0,0,79835,79835.0,,P1,Limit | Sort | Nested Loop | Seq Scan | Projector | Projector | Text Search Scan,plans/q0660.json
q0661,bitmap,rare,clustered_0,30,full,False,,100000,486,0,0,,100,15.5511665,18.5459381,19.597501170000015,0.871,0.35,0.723,0,0,0,0,450,0,0,0,0,0,486,486.0,,P1,Limit | Sort | Nested Loop | Seq Scan | Projector | Projector | Text Search Scan,plans/q0661.json
q0662,enumeration,broad,clustered_0,30,full,False,,100000,79835,0,0,,100,15.244083499999999,19.052124649999996,25.452184170000027,0.143,0.525,0.019,0,0,0,0,1,0,0,0,0,0,0,0,,P3,Limit | ProjectSet | Seq Scan | Sort | Nested Loop | CTE Scan | Projector | Projector | Conjunction Scan | Text Search Scan | Index TID Probe,plans/q0662.json
q0663,enumeration,rare,clustered_0,30,full,False,,100000,486,0,0,,100,16.039625,18.9181854,19.35171892,0.145,0.44,0.021,0,0,0,0,1,0,0,0,0,0,0,0,,P1,Limit | ProjectSet | Seq Scan | Sort | Hash Join | CTE Scan | Hash | Projector | Text Search Scan,plans/q0663.json
q0664,scalar_scope,broad,tenant,30,full,False,,100000,79835,1000,769,,100,17.8685625,25.296972899999997,34.24310316,1.739,0.405,1.617,30,30,30,0,805,2,0,0,0,0,0,769.0,,P3,Limit | Sort | Projector | Conjunction Scan | Text Search Scan | Index TID Probe,plans/q0664.json
q0665,bitmap,broad,tenant,30,full,False,,100000,79835,1000,769,,100,196.3163955,211.3203622,225.277188,183.725,0.417,183.534,30,30,30,0,162821,0,0,0,0,0,79066,79835.0,,P1,Limit | Sort | Nested Loop | Seq Scan | Projector | Projector | Text Search Scan,plans/q0665.json
q0666,scalar_scope,rare,tenant,30,full,False,,100000,486,1000,4,,100,16.499875,19.524166,22.074412410000015,0.763,0.361,0.628,4,4,4,0,16,0,0,0,0,0,0,486.0,,P3,Limit | Sort | Projector | Conjunction Scan | Text Search Scan | Index TID Probe,plans/q0666.json
q0667,bitmap,rare,tenant,30,full,False,,100000,486,1000,4,,100,17.913271,20.899899700000002,22.08123941000002,1.847,0.397,1.702,4,4,4,0,1426,0,0,0,0,0,482,486.0,,P1,Limit | Sort | Nested Loop | Seq Scan | Projector | Projector | Text Search Scan,plans/q0667.json
q0668,scalar_scope,broad,channel,30,full,False,,100000,79835,25000,20009,,100,16.5520415,18.94494135,20.11223358000002,0.433,0.338,0.279,30,30,30,0,100,0,0,0,0,0,0,30.0,Parent Projector,P5,Limit | Projector | Projector | Text Search Scan,plans/q0668.json
q0669,bitmap,broad,channel,30,full,False,,100000,79835,25000,20009,,100,345.02106249999997,386.2945274,394.8294384200002,337.736,0.345,337.409,30,30,30,0,324077,0,0,0,0,0,59826,79835.0,,P1,Limit | Sort | Nested Loop | Seq Scan | Projector | Projector | Text Search Scan,plans/q0669.json
q0670,scalar_scope,rare,channel,30,full,False,,100000,486,25000,139,,100,16.008625000000002,18.648789599999997,19.30461917000003,0.456,0.329,0.306,30,30,30,0,177,0,0,0,0,0,0,30.0,Parent Projector,P5,Limit | Projector | Projector | Text Search Scan,plans/q0670.json
q0671,bitmap,rare,channel,30,full,False,,100000,486,25000,139,,100,18.6825205,21.82056395,24.136989160000002,2.791,0.326,2.66,30,30,30,0,2528,0,0,0,0,0,347,486.0,,P1,Limit | Sort | Nested Loop | Seq Scan | Projector | Projector | Text Search Scan,plans/q0671.json
q0672,scalar_scope,broad,category,30,full,False,,100000,79835,5000,3997,,100,20.9725415,25.6795875,28.548528160000018,5.846,0.289,5.728,30,30,30,0,2294,6,0,0,0,0,0,3997.0,,P3,Limit | Sort | Projector | Conjunction Scan | Text Search Scan | Index TID Probe,plans/q0672.json
q0673,bitmap,broad,category,30,full,False,,100000,79835,5000,3997,,100,276.581229,311.80470275,329.64016908,276.728,0.373,276.574,30,30,30,0,244145,0,0,0,0,0,75838,79835.0,,P1,Limit | Sort | Nested Loop | Seq Scan | Projector | Projector | Text Search Scan,plans/q0673.json
q0674,scalar_scope,rare,category,30,full,False,,100000,486,5000,30,,100,16.614437000000002,19.4457146,20.830124170000012,1.133,0.306,1.013,30,30,30,0,46,0,0,0,0,0,0,486.0,,P3,Limit | Sort | Projector | Conjunction Scan | Text Search Scan | Index TID Probe,plans/q0674.json
q0675,bitmap,rare,category,30,full,False,,100000,486,5000,30,,100,18.4632505,21.049237849999997,21.642675330000003,2.386,0.357,2.241,30,30,30,0,1938,0,0,0,0,0,456,486.0,,P1,Limit | Sort | Nested Loop | Seq Scan | Projector | Projector | Text Search Scan,plans/q0675.json
q0676,scalar_scope,broad,active,30,full,False,,100000,79835,80000,63924,,100,15.487396,20.448836049999997,22.08600959000001,0.345,0.304,0.175,30,30,30,0,77,0,0,0,0,0,0,30.0,Parent Projector,P5,Limit | Projector | Projector | Text Search Scan,plans/q0676.json
q0677,bitmap,broad,active,30,full,False,,100000,79835,80000,63924,,100,376.2354165,442.36103095,465.41275916,371.168,0.368,370.845,30,30,30,0,324077,0,0,0,0,0,15911,79835.0,,P1,Limit | Sort | Nested Loop | Seq Scan | Projector | Projector | Text Search Scan,plans/q0677.json
q0678,scalar_scope,rare,active,30,full,False,,100000,486,80000,380,,100,15.513521,19.036668449999997,19.98569325000003,0.346,0.324,0.198,30,30,30,0,106,0,0,0,0,0,0,30.0,Parent Projector,P5,Limit | Projector | Projector | Text Search Scan,plans/q0678.json
q0679,bitmap,rare,active,30,full,False,,100000,486,80000,380,,100,18.852021,21.59828575,23.101521670000004,3.036,0.366,2.901,30,30,30,0,2746,0,0,0,0,0,106,486.0,,P1,Limit | Sort | Nested Loop | Seq Scan | Projector | Projector | Text Search Scan,plans/q0679.json
q0680,scalar_scope,broad,combined,30,full,False,,100000,79835,0,0,,100,17.2865415,20.37851215,21.986720830000003,1.577,0.402,1.453,0,0,0,0,807,0,0,0,0,0,769,769.0,,P3,Limit | Sort | Projector | Projector | Conjunction Scan | Text Search Scan | Index TID Probe,plans/q0680.json
q0681,bitmap,broad,combined,30,full,False,,100000,79835,0,0,,100,44.675396000000006,49.18920865,72.11656425000021,32.501,0.406,32.349,0,0,0,0,2382,0,0,0,0,0,79835,79835.0,,P1,Limit | Sort | Nested Loop | Seq Scan | Projector | Projector | Text Search Scan,plans/q0681.json
q0682,scalar_scope,rare,combined,30,full,False,,100000,486,0,0,,100,21.425979,42.969160099999996,57.00807992,0.855,0.385,0.691,0,0,0,0,17,2,0,0,0,0,4,486.0,,P3,Limit | Sort | Projector | Projector | Conjunction Scan | Text Search Scan | Index TID Probe,plans/q0682.json
q0683,bitmap,rare,combined,30,full,False,,100000,486,0,0,,100,15.940708,18.57040065,20.723051250000008,0.899,0.4,0.768,0,0,0,0,450,0,0,0,0,0,486,486.0,,P1,Limit | Sort | Nested Loop | Seq Scan | Projector | Projector | Text Search Scan,plans/q0683.json
q0684,id_relation,broad,random_0.5,30,full,False,,100000,79835,50000,39854,458.4045,100,61.086125,63.99455,72.19595950000006,59.18,0.483,58.848,30,30,30,0,2381,0,320,0,0,0,0,79835.0,,P1,Limit | Sort | Hash Join | Projector | Text Search Scan | Hash | Seq Scan,plans/q0684.json
q0685,ctid_relation,broad,random_0.5,30,full,False,,100000,79835,50000,39854,460.314208,100,67.6907705,73.66277704999999,83.88650167,64.306,0.447,63.941,30,30,30,0,2381,0,320,0,0,0,0,79835.0,,P1,Limit | Sort | Hash Join | Projector | Text Search Scan | Hash | Seq Scan,plans/q0685.json
q0686,oversample,broad,random_0.5,30,full,False,30,100000,79835,50000,39854,,100,16.173958,18.860655649999998,22.228984670000003,0.45,0.282,0.332,17,17,17,100,157,0,0,0,0,0,0,30.0,,P1,Limit | Limit | Projector | Text Search Scan | Sort | Nested Loop | Seq Scan | CTE Scan,plans/q0686.json
q0687,oversample,broad,random_0.5,30,full,False,60,100000,79835,50000,39854,,100,16.560187499999998,19.509574999999998,21.84917542000001,0.649,0.353,0.521,30,30,30,0,306,0,0,0,0,0,0,60.0,,P1,Limit | Limit | Projector | Text Search Scan | Sort | Nested Loop | Seq Scan | CTE Scan,plans/q0687.json
q0688,oversample,broad,random_0.5,30,full,False,120,100000,79835,50000,39854,,100,17.0574375,18.99066905,19.60238783000001,1.024,0.376,0.875,30,30,30,0,600,0,0,0,0,0,0,120.0,,P1,Limit | Limit | Projector | Text Search Scan | Sort | Nested Loop | Seq Scan | CTE Scan,plans/q0688.json
q0689,oversample,broad,random_0.5,30,full,False,300,100000,79835,50000,39854,,100,18.181479000000003,20.33593185,22.67017875,2.173,0.35,2.032,30,30,30,0,1491,0,0,0,0,0,0,300.0,,P1,Limit | Limit | Projector | Text Search Scan | Sort | Nested Loop | Seq Scan | CTE Scan,plans/q0689.json
q0690,oversample,broad,random_0.5,30,full,False,600,100000,79835,50000,39854,,100,19.301125,23.57432675,25.662704170000012,3.724,0.325,3.558,30,30,30,0,2971,0,0,0,0,0,0,600.0,,P1,Limit | Limit | Projector | Text Search Scan | Sort | Nested Loop | Seq Scan | CTE Scan,plans/q0690.json
q0691,id_relation,broad,random_0.1,30,full,False,,100000,79835,10000,7968,398.27775,100,47.774604,51.560077400000004,58.476261750000006,40.736,0.498,40.43,30,30,30,0,2381,0,64,0,0,0,0,79835.0,,P1,Limit | Sort | Hash Join | Projector | Text Search Scan | Hash | Seq Scan,plans/q0691.json
q0692,ctid_relation,broad,random_0.1,30,full,False,,100000,79835,10000,7968,398.888833,100,53.2354165,58.9161854,64.59960184000008,45.409,0.39,45.109,30,30,30,0,2381,0,64,0,0,0,0,79835.0,,P1,Limit | Sort | Hash Join | Projector | Text Search Scan | Hash | Seq Scan,plans/q0692.json
q0693,oversample,broad,random_0.1,30,full,False,30,100000,79835,10000,7968,,100,15.0640625,17.90532675,18.3730245,0.468,0.344,0.333,6,6,6,100,127,0,0,0,0,0,0,30.0,,P1,Limit | Limit | Projector | Text Search Scan | Sort | Nested Loop | Seq Scan | CTE Scan,plans/q0693.json
q0694,oversample,broad,random_0.1,30,full,False,60,100000,79835,10000,7968,,100,16.324959,20.706546149999998,21.775048660000003,0.618,0.307,0.498,9,9,9,100,246,0,0,0,0,0,0,60.0,,P1,Limit | Limit | Projector | Text Search Scan | Sort | Nested Loop | Seq Scan | CTE Scan,plans/q0694.json
q0695,oversample,broad,random_0.1,30,full,False,120,100000,79835,10000,7968,,100,16.879604,19.3613979,21.519584830000003,0.938,0.338,0.809,12,12,12,100,480,0,0,0,0,0,0,120.0,,P1,Limit | Limit | Projector | Text Search Scan | Sort | Nested Loop | Seq Scan | CTE Scan,plans/q0695.json
q0696,oversample,broad,random_0.1,30,full,False,300,100000,79835,10000,7968,,100,17.9483125,20.631477049999997,24.588478840000008,1.945,0.359,1.807,30,30,30,0,1191,0,0,0,0,0,0,300.0,,P1,Limit | Limit | Projector | Text Search Scan | Sort | Nested Loop | Seq Scan | CTE Scan,plans/q0696.json
q0697,oversample,broad,random_0.1,30,full,False,600,100000,79835,10000,7968,,100,19.008021,22.21635205,25.683567080000017,3.401,0.39,3.255,30,30,30,0,2371,0,0,0,0,0,0,600.0,,P1,Limit | Limit | Projector | Text Search Scan | Sort | Nested Loop | Seq Scan | CTE Scan,plans/q0697.json
q0698,id_relation,broad,random_0.01,30,full,False,,100000,79835,1000,812,262.485917,100,29.7510835,35.23228125,37.97579392000003,13.4,0.548,13.249,30,30,30,0,14227,0,8,0,0,0,0,810.0,,P3,Limit | Sort | Nested Loop | Seq Scan | Projector | Projector | Conjunction Scan | Text Search Scan | Index TID Probe,plans/q0698.json
q0699,ctid_relation,broad,random_0.01,30,full,False,,100000,79835,1000,812,258.712417,100,48.2014585,52.131044100000004,62.48058858000094,40.05,0.392,39.748,30,30,30,0,2381,0,8,0,0,0,0,79835.0,,P1,Limit | Sort | Hash Join | Projector | Text Search Scan | Hash | Seq Scan,plans/q0699.json
q0700,oversample,broad,random_0.01,30,full,False,30,100000,79835,1000,812,,100,15.920895999999999,22.10741105,26.13391358000006,0.416,0.288,0.286,1,1,1,100,97,0,0,0,0,0,0,30.0,,P1,Limit | Limit | Projector | Text Search Scan | Sort | Nested Loop | Seq Scan | CTE Scan,plans/q0700.json
q0701,oversample,broad,random_0.01,30,full,False,60,100000,79835,1000,812,,100,15.9820005,20.8446601,34.65572000000001,0.573,0.305,0.417,2,2,2,100,186,0,0,0,0,0,0,60.0,,P1,Limit | Limit | Projector | Text Search Scan | Sort | Nested Loop | Seq Scan | CTE Scan,plans/q0701.json
q0702,oversample,broad,random_0.01,30,full,False,120,100000,79835,1000,812,,100,16.9207295,18.256542,19.389082170000002,0.829,0.412,0.687,2,2,2,100,360,0,0,0,0,0,0,120.0,,P1,Limit | Limit | Projector | Text Search Scan | Sort | Nested Loop | Seq Scan | CTE Scan,plans/q0702.json
q0703,oversample,broad,random_0.01,30,full,False,300,100000,79835,1000,812,,100,17.967624999999998,21.012993749999996,22.10226116,1.445,0.375,1.307,3,3,3,100,891,0,0,0,0,0,0,300.0,,P1,Limit | Limit | Projector | Text Search Scan | Sort | Nested Loop | Seq Scan | CTE Scan,plans/q0703.json
q0704,oversample,broad,random_0.01,30,full,False,600,100000,79835,1000,812,,100,18.1448335,21.43170865,22.53373000000001,2.618,0.296,2.483,6,6,6,100,1771,0,0,0,0,0,0,600.0,,P1,Limit | Limit | Projector | Text Search Scan | Sort | Nested Loop | Seq Scan | CTE Scan,plans/q0704.json
q0705,id_relation,broad,random_0.001,30,full,False,,100000,79835,100,82,84.795458,100,17.931895500000003,21.01925175,23.043735330000004,1.728,0.409,1.61,30,30,30,0,1444,0,1,0,0,0,0,82.0,,P3,Limit | Sort | Nested Loop | Seq Scan | Projector | Projector | Conjunction Scan | Text Search Scan | Index TID Probe,plans/q0705.json
q0706,ctid_relation,broad,random_0.001,30,full,False,,100000,79835,100,82,83.122583,100,48.373729,53.586099999999995,59.16003857000007,37.916,0.381,37.64,30,30,30,0,2381,0,1,0,0,0,0,79835.0,,P1,Limit | Sort | Hash Join | Projector | Text Search Scan | Hash | Seq Scan,plans/q0706.json
q0707,oversample,broad,random_0.001,30,full,False,30,100000,79835,100,82,,100,16.560521,18.63879855,19.814782170000008,0.332,0.331,0.205,1,1,1,100,37,0,0,0,0,0,0,30.0,,P1,Limit | Limit | Projector | Text Search Scan | Sort | Nested Loop | Seq Scan | CTE Scan,plans/q0707.json
q0708,oversample,broad,random_0.001,30,full,False,60,100000,79835,100,82,,100,15.795833,17.98747465,21.098783570000037,0.405,0.296,0.287,1,1,1,100,66,0,0,0,0,0,0,60.0,,P1,Limit | Limit | Projector | Text Search Scan | Sort | Nested Loop | Seq Scan | CTE Scan,plans/q0708.json
q0709,oversample,broad,random_0.001,30,full,False,120,100000,79835,100,82,,100,16.018375499999998,18.723021449999997,20.316133340000007,0.544,0.343,0.409,1,1,1,100,120,0,0,0,0,0,0,120.0,,P1,Limit | Limit | Projector | Text Search Scan | Sort | Nested Loop | Seq Scan | CTE Scan,plans/q0709.json
q0710,oversample,broad,random_0.001,30,full,False,300,100000,79835,100,82,,100,17.412833499999998,19.212017,20.369016910000003,0.927,0.317,0.772,1,1,1,100,291,0,0,0,0,0,0,300.0,,P1,Limit | Limit | Projector | Text Search Scan | Sort | Nested Loop | Seq Scan | CTE Scan,plans/q0710.json
q0711,oversample,broad,random_0.001,30,full,False,600,100000,79835,100,82,,100,17.8114585,20.7643,21.868301580000022,1.434,0.332,1.31,1,1,1,100,571,0,0,0,0,0,0,600.0,,P1,Limit | Limit | Projector | Text Search Scan | Sort | Nested Loop | Seq Scan | CTE Scan,plans/q0711.json
q0712,native,broad,random_0.5,10,full,False,,100000,79835,50000,79835,,100,15.609771,19.25817645,32.01528642000008,0.248,0.271,0.132,10,10,10,0,14,0,0,0,0,0,0,10.0,,N/A,Limit | Projector | Text Search Scan,plans/q0712.json
q0713,bitmap,broad,random_0.5,10,full,False,,100000,79835,50000,39854,,100,357.6000835,405.02320829999996,439.84076292000003,351.264,0.34,350.941,10,10,10,0,324077,0,0,0,0,0,39981,79835.0,,P1,Limit | Sort | Nested Loop | Seq Scan | Projector | Projector | Text Search Scan,plans/q0713.json
q0714,enumeration,broad,random_0.5,10,full,False,,100000,79835,50000,39854,,100,631.463,650.1617547999999,725.34392875,630.205,0.417,629.813,10,10,10,0,700129,0,0,0,0,0,0,40000.0,,P3,Limit | ProjectSet | Seq Scan | Sort | Nested Loop | CTE Scan | Projector | Projector | Conjunction Scan | Text Search Scan | Index TID Probe,plans/q0714.json
q0715,native,broad,random_0.01,10,full,False,,100000,79835,1000,79835,,100,15.6190835,19.70559105,21.41608075000001,0.263,0.276,0.143,10,10,10,0,14,0,0,0,0,0,0,10.0,,N/A,Limit | Projector | Text Search Scan,plans/q0715.json
q0716,bitmap,broad,random_0.01,10,full,False,,100000,79835,1000,812,,100,195.27214600000002,201.1318455,206.61052417000005,183.258,0.278,183.114,10,10,10,0,162730,0,0,0,0,0,79023,79835.0,,P1,Limit | Sort | Nested Loop | Seq Scan | Projector | Projector | Text Search Scan,plans/q0716.json
q0717,enumeration,broad,random_0.01,10,full,False,,100000,79835,1000,812,,100,29.9303545,33.4825652,35.05012767000003,13.902,0.5,13.735,10,10,10,0,14230,0,0,0,0,0,0,810.0,,P3,Limit | ProjectSet | Seq Scan | Sort | Nested Loop | CTE Scan | Projector | Projector | Conjunction Scan | Text Search Scan | Index TID Probe,plans/q0717.json
q0718,native,broad,random_0.001,10,full,False,,100000,79835,100,79835,,100,15.4434165,21.242770849999985,64.51808574000043,0.226,0.243,0.117,10,10,10,0,14,0,0,0,0,0,0,10.0,,N/A,Limit | Projector | Text Search Scan,plans/q0718.json
q0719,bitmap,broad,random_0.001,10,full,False,,100000,79835,100,82,,100,48.7868335,51.4719973,52.03252134000001,37.052,0.348,36.904,10,10,10,0,2464,0,0,0,0,0,79753,79835.0,,P1,Limit | Sort | Nested Loop | Seq Scan | Projector | Projector | Text Search Scan,plans/q0719.json
q0720,enumeration,broad,random_0.001,10,full,False,,100000,79835,100,82,,100,17.9294585,21.0696048,25.95278083000002,1.787,0.483,1.651,10,10,10,0,1445,0,0,0,0,0,0,82.0,,P3,Limit | ProjectSet | Seq Scan | Sort | Nested Loop | CTE Scan | Projector | Projector | Conjunction Scan | Text Search Scan | Index TID Probe,plans/q0720.json
q0721,native,broad,random_0.5,100,full,False,,100000,79835,50000,79835,,100,16.7241045,20.3913646,23.05062366,0.401,0.278,0.205,100,100,100,0,102,0,0,0,0,0,0,100.0,,N/A,Limit | Projector | Text Search Scan,plans/q0721.json
q0722,bitmap,broad,random_0.5,100,full,False,,100000,79835,50000,39854,,100,360.8518545,405.3727848,457.05198608,354.285,0.365,353.944,100,100,100,0,324077,0,0,0,0,0,39981,79835.0,,P1,Limit | Sort | Nested Loop | Seq Scan | Projector | Projector | Text Search Scan,plans/q0722.json
q0723,enumeration,broad,random_0.5,100,full,False,,100000,79835,50000,39854,,100,632.1405835,650.2793295,698.8202669100001,633.081,0.375,632.679,100,100,100,0,700129,0,0,0,0,0,0,40000.0,,P3,Limit | ProjectSet | Seq Scan | Sort | Nested Loop | CTE Scan | Projector | Projector | Conjunction Scan | Text Search Scan | Index TID Probe,plans/q0723.json
q0724,native,broad,random_0.01,100,full,False,,100000,79835,1000,79835,,100,16.4175415,19.945902099999998,21.413195500000118,0.391,0.241,0.199,100,100,100,0,102,0,0,0,0,0,0,100.0,,N/A,Limit | Projector | Text Search Scan,plans/q0724.json
q0725,bitmap,broad,random_0.01,100,full,False,,100000,79835,1000,812,,100,196.7373745,212.41278814999998,225.48947375000003,183.907,0.461,183.695,100,100,100,0,162730,0,0,0,0,0,79023,79835.0,,P1,Limit | Sort | Nested Loop | Seq Scan | Projector | Projector | Text Search Scan,plans/q0725.json
q0726,enumeration,broad,random_0.01,100,full,False,,100000,79835,1000,812,,100,29.7810835,33.46465445,34.82649191000001,14.966,0.566,14.777,100,100,100,0,14230,0,0,0,0,0,0,810.0,,P3,Limit | ProjectSet | Seq Scan | Sort | Nested Loop | CTE Scan | Projector | Projector | Conjunction Scan | Text Search Scan | Index TID Probe,plans/q0726.json
q0727,native,broad,random_0.001,100,full,False,,100000,79835,100,79835,,100,16.106875000000002,20.1257351,24.36445208000002,0.393,0.263,0.18,100,100,100,0,102,0,0,0,0,0,0,100.0,,N/A,Limit | Projector | Text Search Scan,plans/q0727.json
q0728,bitmap,broad,random_0.001,100,full,False,,100000,79835,100,82,,100,49.417146,54.959045849999995,57.579980330000026,36.214,0.48,36.048,82,82,82,0,2464,0,0,0,0,0,79753,79835.0,,P1,Limit | Sort | Nested Loop | Seq Scan | Projector | Projector | Text Search Scan,plans/q0728.json
q0729,enumeration,broad,random_0.001,100,full,False,,100000,79835,100,82,,100,17.981749999999998,20.821410450000002,21.825163340000024,1.814,0.528,1.658,82,82,82,0,1445,0,0,0,0,0,0,82.0,,P3,Limit | ProjectSet | Seq Scan | Sort | Nested Loop | CTE Scan | Projector | Projector | Conjunction Scan | Text Search Scan | Index TID Probe,plans/q0729.json
q0730,native,broad,random_0.5,300,full,False,,100000,79835,50000,79835,,100,21.343979500000003,42.69837885,57.82749491000007,0.728,0.313,0.341,300,300,300,0,290,0,0,0,0,0,0,300.0,,N/A,Limit | Projector | Text Search Scan,plans/q0730.json
q0731,bitmap,broad,random_0.5,300,full,False,,100000,79835,50000,39854,,100,363.1636665,423.3064098,459.33080041000005,352.063,0.424,351.704,300,300,300,0,324077,0,0,0,0,0,39981,79835.0,,P1,Limit | Sort | Nested Loop | Seq Scan | Projector | Projector | Text Search Scan,plans/q0731.json
q0732,enumeration,broad,random_0.5,300,full,False,,100000,79835,50000,39854,,100,633.956917,717.1163559500001,737.38427334,632.973,0.579,632.477,300,300,300,0,700129,0,0,0,0,0,0,40000.0,,P3,Limit | ProjectSet | Seq Scan | Sort | Nested Loop | CTE Scan | Projector | Projector | Conjunction Scan | Text Search Scan | Index TID Probe,plans/q0732.json
q0733,native,broad,random_0.01,300,full,False,,100000,79835,1000,79835,,100,18.139021,21.280908,22.807250420000003,0.757,0.281,0.365,300,300,300,0,290,0,0,0,0,0,0,300.0,,N/A,Limit | Projector | Text Search Scan,plans/q0733.json
q0734,bitmap,broad,random_0.01,300,full,False,,100000,79835,1000,812,,100,196.9669375,202.75220805,205.59806176,183.083,0.265,182.914,300,300,300,0,162730,0,0,0,0,0,79023,79835.0,,P1,Limit | Sort | Nested Loop | Seq Scan | Projector | Projector | Text Search Scan,plans/q0734.json
q0735,enumeration,broad,random_0.01,300,full,False,,100000,79835,1000,812,,100,31.106375,33.98177085,36.406650750000026,14.004,0.426,13.831,300,300,300,0,14230,0,0,0,0,0,0,810.0,,P3,Limit | ProjectSet | Seq Scan | Sort | Nested Loop | CTE Scan | Projector | Projector | Conjunction Scan | Text Search Scan | Index TID Probe,plans/q0735.json
q0736,native,broad,random_0.001,300,full,False,,100000,79835,100,79835,,100,17.886916499999998,20.32480065,22.19794967000001,0.739,0.294,0.379,300,300,300,0,290,0,0,0,0,0,0,300.0,,N/A,Limit | Projector | Text Search Scan,plans/q0736.json
q0737,bitmap,broad,random_0.001,300,full,False,,100000,79835,100,82,,100,48.8972705,52.21069105,53.91238209,37.281,0.312,37.124,82,82,82,0,2464,0,0,0,0,0,79753,79835.0,,P1,Limit | Sort | Nested Loop | Seq Scan | Projector | Projector | Text Search Scan,plans/q0737.json
q0738,enumeration,broad,random_0.001,300,full,False,,100000,79835,100,82,,100,18.504542,21.355583,22.325875330000006,1.804,0.505,1.658,82,82,82,0,1445,0,0,0,0,0,0,82.0,,P3,Limit | ProjectSet | Seq Scan | Sort | Nested Loop | CTE Scan | Projector | Projector | Conjunction Scan | Text Search Scan | Index TID Probe,plans/q0738.json
q0739,bitmap,rare,random_1,10,full,False,,100000,486,100000,486,,100,18.088749999999997,19.96473605,22.994672500000032,3.15,0.33,3.023,10,10,10,0,2833,0,0,0,0,0,0,486.0,,P1,Limit | Sort | Nested Loop | Seq Scan | Projector | Projector | Text Search Scan,plans/q0739.json
q0740,bitmap,rare,random_0.75,10,full,False,,100000,486,75000,365,,100,18.871875,21.2578452,25.85108158000007,3.071,0.369,2.896,10,10,10,0,2731,0,0,0,0,0,121,486.0,,P1,Limit | Sort | Nested Loop | Seq Scan | Projector | Projector | Text Search Scan,plans/q0740.json
q0741,bitmap,rare,random_0.5,10,full,False,,100000,486,50000,244,,100,18.317896,22.941941649999997,26.187098240000022,2.851,0.318,2.722,10,10,10,0,2631,0,0,0,0,0,242,486.0,,P1,Limit | Sort | Nested Loop | Seq Scan | Projector | Projector | Text Search Scan,plans/q0741.json
q0742,bitmap,rare,random_0.25,10,full,False,,100000,486,25000,126,,100,18.146125,21.07168955,23.78956425000001,2.786,0.395,2.626,10,10,10,0,2518,0,0,0,0,0,360,486.0,,P1,Limit | Sort | Nested Loop | Seq Scan | Projector | Projector | Text Search Scan,plans/q0742.json
q0743,bitmap,rare,random_0.1,10,full,False,,100000,486,10000,38,,100,18.760979,21.1868191,22.634900750000003,2.478,0.309,2.356,10,10,10,0,1946,0,0,0,0,0,448,486.0,,P1,Limit | Sort | Nested Loop | Seq Scan | Projector | Projector | Text Search Scan,plans/q0743.json
q0744,bitmap,rare,random_0.05,10,full,False,,100000,486,5000,18,,100,18.772979,21.564162200000002,22.24524541000001,2.321,0.371,2.163,10,10,10,0,1926,0,0,0,0,0,468,486.0,,P1,Limit | Sort | Nested Loop | Seq Scan | Projector | Projector | Text Search Scan,plans/q0744.json
q0745,bitmap,rare,random_0.01,10,full,False,,100000,486,1000,6,,100,17.931416499999997,19.985064899999998,21.51930575000002,1.887,0.414,1.745,6,6,6,0,1428,0,0,0,0,0,480,486.0,,P1,Limit | Sort | Nested Loop | Seq Scan | Projector | Projector | Text Search Scan,plans/q0745.json
q0746,bitmap,rare,random_0.001,10,full,False,,100000,486,100,0,,100,16.480687500000002,18.8254694,46.963070420000044,0.848,0.295,0.73,0,0,0,0,450,0,0,0,0,0,486,486.0,,P1,Limit | Sort | Nested Loop | Seq Scan | Projector | Projector | Text Search Scan,plans/q0746.json
q0747,bitmap,rare,random_0,10,full,False,,100000,486,0,0,,100,16.688792,18.950387499999998,19.927747080000007,0.983,0.367,0.857,0,0,0,0,450,0,0,0,0,0,486,486.0,,P1,Limit | Sort | Nested Loop | Seq Scan | Projector | Projector | Text Search Scan,plans/q0747.json
q0748,bitmap,rare,random_1,100,full,False,,100000,486,100000,486,,100,18.896917000000002,21.980989599999997,22.54914601,3.197,0.408,3.052,100,100,100,0,2833,0,0,0,0,0,0,486.0,,P1,Limit | Sort | Nested Loop | Seq Scan | Projector | Projector | Text Search Scan,plans/q0748.json
q0749,bitmap,rare,random_0.75,100,full,False,,100000,486,75000,365,,100,18.974417,22.195212149999996,23.82700084,3.016,0.32,2.888,100,100,100,0,2731,0,0,0,0,0,121,486.0,,P1,Limit | Sort | Nested Loop | Seq Scan | Projector | Projector | Text Search Scan,plans/q0749.json
q0750,bitmap,rare,random_0.5,100,full,False,,100000,486,50000,244,,100,18.5557085,21.6412667,23.068336070000004,2.949,0.401,2.809,100,100,100,0,2631,0,0,0,0,0,242,486.0,,P1,Limit | Sort | Nested Loop | Seq Scan | Projector | Projector | Text Search Scan,plans/q0750.json
q0751,bitmap,rare,random_0.25,100,full,False,,100000,486,25000,126,,100,18.514145499999998,19.89888335,20.30495875,2.89,0.337,2.74,100,100,100,0,2518,0,0,0,0,0,360,486.0,,P1,Limit | Sort | Nested Loop | Seq Scan | Projector | Projector | Text Search Scan,plans/q0751.json
q0752,bitmap,rare,random_0.1,100,full,False,,100000,486,10000,38,,100,18.5206875,21.2647527,26.01568241000003,2.297,0.249,2.194,38,38,38,0,1946,0,0,0,0,0,448,486.0,,P1,Limit | Sort | Nested Loop | Seq Scan | Projector | Projector | Text Search Scan,plans/q0752.json
q0753,bitmap,rare,random_0.05,100,full,False,,100000,486,5000,18,,100,18.454417,23.38274795,27.70606851,2.305,0.342,2.17,18,18,18,0,1926,0,0,0,0,0,468,486.0,,P1,Limit | Sort | Nested Loop | Seq Scan | Projector | Projector | Text Search Scan,plans/q0753.json
q0754,bitmap,rare,random_0.01,100,full,False,,100000,486,1000,6,,100,17.980020500000002,19.938324399999996,21.990825000000005,1.835,0.41,1.704,6,6,6,0,1428,0,0,0,0,0,480,486.0,,P1,Limit | Sort | Nested Loop | Seq Scan | Projector | Projector | Text Search Scan,plans/q0754.json
q0755,bitmap,rare,random_0.001,100,full,False,,100000,486,100,0,,100,16.947041499999997,19.2875643,19.47927175,0.88,0.345,0.748,0,0,0,0,450,0,0,0,0,0,486,486.0,,P1,Limit | Sort | Nested Loop | Seq Scan | Projector | Projector | Text Search Scan,plans/q0755.json
q0756,bitmap,rare,random_0,100,full,False,,100000,486,0,0,,100,16.927708000000003,18.903629499999997,21.96233134,0.909,0.359,0.783,0,0,0,0,450,0,0,0,0,0,486,486.0,,P1,Limit | Sort | Nested Loop | Seq Scan | Projector | Projector | Text Search Scan,plans/q0756.json
q0757,bitmap,rare,random_1,300,full,False,,100000,486,100000,486,,100,20.6936665,26.260297899999998,29.912024080000062,3.226,0.396,3.06,300,300,300,0,2833,0,0,0,0,0,0,486.0,,P1,Limit | Sort | Nested Loop | Seq Scan | Projector | Projector | Text Search Scan,plans/q0757.json
q0758,bitmap,rare,random_0.75,300,full,False,,100000,486,75000,365,,100,20.569333,22.985518449999994,26.743421010000013,3.047,0.347,2.892,300,300,300,0,2731,0,0,0,0,0,121,486.0,,P1,Limit | Sort | Nested Loop | Seq Scan | Projector | Projector | Text Search Scan,plans/q0758.json
q0759,bitmap,rare,random_0.5,300,full,False,,100000,486,50000,244,,100,20.812375,25.74936665,33.529354500000075,2.95,0.384,2.765,244,244,244,0,2631,0,0,0,0,0,242,486.0,,P1,Limit | Sort | Nested Loop | Seq Scan | Projector | Projector | Text Search Scan,plans/q0759.json
q0760,bitmap,rare,random_0.25,300,full,False,,100000,486,25000,126,,100,19.742083,21.92753335,24.94999551,2.77,0.313,2.635,126,126,126,0,2518,0,0,0,0,0,360,486.0,,P1,Limit | Sort | Nested Loop | Seq Scan | Projector | Projector | Text Search Scan,plans/q0760.json
q0761,bitmap,rare,random_0.1,300,full,False,,100000,486,10000,38,,100,18.0363125,19.743864900000002,20.865320750000002,2.491,0.374,2.356,38,38,38,0,1946,0,0,0,0,0,448,486.0,,P1,Limit | Sort | Nested Loop | Seq Scan | Projector | Projector | Text Search Scan,plans/q0761.json
q0762,bitmap,rare,random_0.05,300,full,False,,100000,486,5000,18,,100,18.231604500000003,25.50334165,29.001580250000018,2.38,0.368,2.232,18,18,18,0,1926,0,0,0,0,0,468,486.0,,P1,Limit | Sort | Nested Loop | Seq Scan | Projector | Projector | Text Search Scan,plans/q0762.json
q0763,bitmap,rare,random_0.01,300,full,False,,100000,486,1000,6,,100,17.854625,21.37370595,21.927353090000047,1.772,0.339,1.651,6,6,6,0,1428,0,0,0,0,0,480,486.0,,P1,Limit | Sort | Nested Loop | Seq Scan | Projector | Projector | Text Search Scan,plans/q0763.json
q0764,bitmap,rare,random_0.001,300,full,False,,100000,486,100,0,,100,16.70075,22.031328849999998,32.74634866000068,0.925,0.375,0.799,0,0,0,0,450,0,0,0,0,0,486,486.0,,P1,Limit | Sort | Nested Loop | Seq Scan | Projector | Projector | Text Search Scan,plans/q0764.json
q0765,bitmap,rare,random_0,300,full,False,,100000,486,0,0,,100,16.3948125,20.010096150000003,22.542926760000014,0.862,0.406,0.723,0,0,0,0,450,0,0,0,0,0,486,486.0,,P1,Limit | Sort | Nested Loop | Seq Scan | Projector | Projector | Text Search Scan,plans/q0765.json
q0766,bitmap,medium,random_1,10,full,False,,100000,20079,100000,20079,,100,112.64095850000001,118.71906665,121.81406551,101.185,0.36,100.872,10,10,10,0,85038,0,0,0,0,0,0,20079.0,,P1,Limit | Sort | Nested Loop | Seq Scan | Projector | Projector | Text Search Scan,plans/q0766.json
q0767,bitmap,medium,random_0.75,10,full,False,,100000,20079,75000,14977,,100,109.131229,114.6461649,124.04716416000011,96.016,0.346,95.701,10,10,10,0,85038,0,0,0,0,0,5102,20079.0,,P1,Limit | Sort | Nested Loop | Seq Scan | Projector | Projector | Text Search Scan,plans/q0767.json
q0768,bitmap,medium,random_0.5,10,full,False,,100000,20079,50000,9965,,100,105.90020849999999,108.6584681,113.91955033000002,92.021,0.384,91.711,10,10,10,0,85015,0,0,0,0,0,10114,20079.0,,P1,Limit | Sort | Nested Loop | Seq Scan | Projector | Projector | Text Search Scan,plans/q0768.json
q0769,bitmap,medium,random_0.25,10,full,False,,100000,20079,25000,4937,,100,101.02,105.822808,112.51055425000001,87.344,0.397,87.173,10,10,10,0,84762,0,0,0,0,0,15142,20079.0,,P1,Limit | Sort | Nested Loop | Seq Scan | Projector | Projector | Text Search Scan,plans/q0769.json
q0770,bitmap,medium,random_0.1,10,full,False,,100000,20079,10000,1926,,100,94.0184165,101.83522469999998,117.78971191000012,78.372,0.399,78.166,10,10,10,0,63922,0,0,0,0,0,18153,20079.0,,P1,Limit | Sort | Nested Loop | Seq Scan | Projector | Projector | Text Search Scan,plans/q0770.json
q0771,bitmap,medium,random_0.05,10,full,False,,100000,20079,5000,939,,100,84.4470415,86.8813,88.49349208000001,68.638,0.389,68.482,10,10,10,0,63365,0,0,0,0,0,19140,20079.0,,P1,Limit | Sort | Nested Loop | Seq Scan | Projector | Projector | Text Search Scan,plans/q0771.json
q0772,bitmap,medium,random_0.01,10,full,False,,100000,20079,1000,198,,100,63.894082999999995,66.44603155,69.04887574000001,48.959,0.316,48.82,10,10,10,0,42717,0,0,0,0,0,19881,20079.0,,P1,Limit | Sort | Nested Loop | Seq Scan | Projector | Projector | Text Search Scan,plans/q0772.json
q0773,bitmap,medium,random_0.001,10,full,False,,100000,20079,100,21,,100,26.730625,30.5324875,33.822859500000156,12.293,0.323,12.169,10,10,10,0,2388,0,0,0,0,0,20058,20079.0,,P1,Limit | Sort | Nested Loop | Seq Scan | Projector | Projector | Text Search Scan,plans/q0773.json
q0774,bitmap,medium,random_0,10,full,False,,100000,20079,0,0,,100,26.6058335,29.64080565,30.626189580000013,11.378,0.414,11.222,0,0,0,0,2367,0,0,0,0,0,20079,20079.0,,P1,Limit | Sort | Nested Loop | Seq Scan | Projector | Projector | Text Search Scan,plans/q0774.json
q0775,bitmap,medium,random_1,100,full,False,,100000,20079,100000,20079,,100,112.97845799999999,117.2065298,128.1771155100006,102.845,0.389,102.495,100,100,100,0,85038,0,0,0,0,0,0,20079.0,,P1,Limit | Sort | Nested Loop | Seq Scan | Projector | Projector | Text Search Scan,plans/q0775.json
q0776,bitmap,medium,random_0.75,100,full,False,,100000,20079,75000,14977,,100,109.4894995,114.03240174999999,118.02807592,97.022,0.374,96.684,100,100,100,0,85038,0,0,0,0,0,5102,20079.0,,P1,Limit | Sort | Nested Loop | Seq Scan | Projector | Projector | Text Search Scan,plans/q0776.json
q0777,bitmap,medium,random_0.5,100,full,False,,100000,20079,50000,9965,,100,106.1087085,112.54447055,117.06180667,93.253,0.395,92.914,100,100,100,0,85015,0,0,0,0,0,10114,20079.0,,P1,Limit | Sort | Nested Loop | Seq Scan | Projector | Projector | Text Search Scan,plans/q0777.json
q0778,bitmap,medium,random_0.25,100,full,False,,100000,20079,25000,4937,,100,101.8991875,107.20120205,108.10661542000003,87.717,0.307,87.551,100,100,100,0,84762,0,0,0,0,0,15142,20079.0,,P1,Limit | Sort | Nested Loop | Seq Scan | Projector | Projector | Text Search Scan,plans/q0778.json
q0779,bitmap,medium,random_0.1,100,full,False,,100000,20079,10000,1926,,100,93.6298335,97.11253715000001,100.64583476000003,79.987,0.427,79.812,100,100,100,0,63922,0,0,0,0,0,18153,20079.0,,P1,Limit | Sort | Nested Loop | Seq Scan | Projector | Projector | Text Search Scan,plans/q0779.json
q0780,bitmap,medium,random_0.05,100,full,False,,100000,20079,5000,939,,100,84.82272950000001,88.13510415,90.04775334,69.148,0.388,68.981,100,100,100,0,63365,0,0,0,0,0,19140,20079.0,,P1,Limit | Sort | Nested Loop | Seq Scan | Projector | Projector | Text Search Scan,plans/q0780.json
q0781,bitmap,medium,random_0.01,100,full,False,,100000,20079,1000,198,,100,64.12802099999999,69.36483750000001,71.57415366000002,49.424,0.358,49.257,100,100,100,0,42717,0,0,0,0,0,19881,20079.0,,P1,Limit | Sort | Nested Loop | Seq Scan | Projector | Projector | Text Search Scan,plans/q0781.json
q0782,bitmap,medium,random_0.001,100,full,False,,100000,20079,100,21,,100,27.460250000000002,30.527856249999996,53.39134842000003,12.806,0.392,12.66,21,21,21,0,2388,0,0,0,0,0,20058,20079.0,,P1,Limit | Sort | Nested Loop | Seq Scan | Projector | Projector | Text Search Scan,plans/q0782.json
q0783,bitmap,medium,random_0,100,full,False,,100000,20079,0,0,,100,25.9171255,27.902943399999998,28.350429580000018,11.296,0.394,11.159,0,0,0,0,2367,0,0,0,0,0,20079,20079.0,,P1,Limit | Sort | Nested Loop | Seq Scan | Projector | Projector | Text Search Scan,plans/q0783.json
q0784,bitmap,medium,random_1,300,full,False,,100000,20079,100000,20079,,100,113.237896,117.0992083,118.90083425000002,103.811,0.661,103.369,300,300,300,0,85038,0,0,0,0,0,0,20079.0,,P1,Limit | Sort | Nested Loop | Seq Scan | Projector | Projector | Text Search Scan,plans/q0784.json
q0785,bitmap,medium,random_0.75,300,full,False,,100000,20079,75000,14977,,100,111.333396,117.4733077,137.21253775000054,96.401,0.328,96.035,300,300,300,0,85038,0,0,0,0,0,5102,20079.0,,P1,Limit | Sort | Nested Loop | Seq Scan | Projector | Projector | Text Search Scan,plans/q0785.json
q0786,bitmap,medium,random_0.5,300,full,False,,100000,20079,50000,9965,,100,106.9503125,111.45810829999999,113.47878675,92.223,0.294,91.89,300,300,300,0,85015,0,0,0,0,0,10114,20079.0,,P1,Limit | Sort | Nested Loop | Seq Scan | Projector | Projector | Text Search Scan,plans/q0786.json
q0787,bitmap,medium,random_0.25,300,full,False,,100000,20079,25000,4937,,100,102.8203125,105.9120378,107.99018258000001,87.358,0.44,87.151,300,300,300,0,84762,0,0,0,0,0,15142,20079.0,,P1,Limit | Sort | Nested Loop | Seq Scan | Projector | Projector | Text Search Scan,plans/q0787.json
q0788,bitmap,medium,random_0.1,300,full,False,,100000,20079,10000,1926,,100,94.47387499999999,98.8399542,102.82350899000002,77.622,0.338,77.434,300,300,300,0,63922,0,0,0,0,0,18153,20079.0,,P1,Limit | Sort | Nested Loop | Seq Scan | Projector | Projector | Text Search Scan,plans/q0788.json
q0789,bitmap,medium,random_0.05,300,full,False,,100000,20079,5000,939,,100,85.552667,91.91344825,101.0439404200001,68.485,0.375,68.293,300,300,300,0,63365,0,0,0,0,0,19140,20079.0,,P1,Limit | Sort | Nested Loop | Seq Scan | Projector | Projector | Text Search Scan,plans/q0789.json
q0790,bitmap,medium,random_0.01,300,full,False,,100000,20079,1000,198,,100,65.6250835,68.3461774,69.23747741000004,54.193,0.364,54.012,198,198,198,0,42717,0,0,0,0,0,19881,20079.0,,P1,Limit | Sort | Nested Loop | Seq Scan | Projector | Projector | Text Search Scan,plans/q0790.json
q0791,bitmap,medium,random_0.001,300,full,False,,100000,20079,100,21,,100,27.0323955,30.35616185,40.73743441000007,12.191,0.327,12.053,21,21,21,0,2388,0,0,0,0,0,20058,20079.0,,P1,Limit | Sort | Nested Loop | Seq Scan | Projector | Projector | Text Search Scan,plans/q0791.json
q0792,bitmap,medium,random_0,300,full,False,,100000,20079,0,0,,100,25.428062500000003,30.065070499999997,33.89963834000001,10.586,0.3,10.464,0,0,0,0,2367,0,0,0,0,0,20079,20079.0,,P1,Limit | Sort | Nested Loop | Seq Scan | Projector | Projector | Text Search Scan,plans/q0792.json
q0793,bitmap,broad,random_1,10,full,False,,100000,79835,100000,79835,,100,387.5408125,421.05685655,464.9586130000001,391.378,0.352,391.059,10,10,10,0,324077,0,0,0,0,0,0,79835.0,,P1,Limit | Sort | Nested Loop | Seq Scan | Projector | Projector | Text Search Scan,plans/q0793.json
q0794,bitmap,broad,random_0.75,10,full,False,,100000,79835,75000,59836,,100,375.63816699999995,442.1503277,468.7132710100001,373.357,0.428,373.011,10,10,10,0,324077,0,0,0,0,0,19999,79835.0,,P1,Limit | Sort | Nested Loop | Seq Scan | Projector | Projector | Text Search Scan,plans/q0794.json
q0795,bitmap,broad,random_0.25,10,full,False,,100000,79835,25000,19905,,100,344.195125,409.58858575,444.53895051,332.692,0.383,332.356,10,10,10,0,324077,0,0,0,0,0,59930,79835.0,,P1,Limit | Sort | Nested Loop | Seq Scan | Projector | Projector | Text Search Scan,plans/q0795.json
q0796,bitmap,broad,random_0.1,10,full,False,,100000,79835,10000,7968,,100,311.0608125,368.24122884999997,402.61473333000004,293.826,0.29,293.678,10,10,10,0,244156,0,0,0,0,0,71867,79835.0,,P1,Limit | Sort | Nested Loop | Seq Scan | Projector | Projector | Text Search Scan,plans/q0796.json
q0797,bitmap,broad,random_0.05,10,full,False,,100000,79835,5000,3992,,100,275.736625,296.15310769999996,316.7856601700002,261.339,0.347,261.177,10,10,10,0,243837,0,0,0,0,0,75843,79835.0,,P1,Limit | Sort | Nested Loop | Seq Scan | Projector | Projector | Text Search Scan,plans/q0797.json
q0798,bitmap,broad,random_0,10,full,False,,100000,79835,0,0,,100,45.0000835,52.32542675,59.0152714900009,32.856,0.452,32.692,0,0,0,0,2382,0,0,0,0,0,79835,79835.0,,P1,Limit | Sort | Nested Loop | Seq Scan | Projector | Projector | Text Search Scan,plans/q0798.json
q0799,bitmap,broad,random_1,100,full,False,,100000,79835,100000,79835,,100,388.66718749999995,457.42607914999996,474.8947921700001,389.866,0.432,389.508,100,100,100,0,324077,0,0,0,0,0,0,79835.0,,P1,Limit | Sort | Nested Loop | Seq Scan | Projector | Projector | Text Search Scan,plans/q0799.json
q0800,bitmap,broad,random_0.75,100,full,False,,100000,79835,75000,59836,,100,371.989604,391.7564076999999,448.2029310700001,369.59,0.297,369.26,100,100,100,0,324077,0,0,0,0,0,19999,79835.0,,P1,Limit | Sort | Nested Loop | Seq Scan | Projector | Projector | Text Search Scan,plans/q0800.json
q0801,bitmap,broad,random_0.25,100,full,False,,100000,79835,25000,19905,,100,340.090958,354.34027675,431.5047690800001,334.101,0.288,333.791,100,100,100,0,324077,0,0,0,0,0,59930,79835.0,,P1,Limit | Sort | Nested Loop | Seq Scan | Projector | Projector | Text Search Scan,plans/q0801.json
q0802,bitmap,broad,random_0.1,100,full,False,,100000,79835,10000,7968,,100,310.403833,339.62834195,381.0507585800002,297.966,0.416,297.76,100,100,100,0,244156,0,0,0,0,0,71867,79835.0,,P1,Limit | Sort | Nested Loop | Seq Scan | Projector | Projector | Text Search Scan,plans/q0802.json
q0803,bitmap,broad,random_0.05,100,full,False,,100000,79835,5000,3992,,100,275.042125,332.05900385,344.04037658000016,263.303,0.377,263.133,100,100,100,0,243837,0,0,0,0,0,75843,79835.0,,P1,Limit | Sort | Nested Loop | Seq Scan | Projector | Projector | Text Search Scan,plans/q0803.json
q0804,bitmap,broad,random_0,100,full,False,,100000,79835,0,0,,100,44.270562,50.35355595,78.41995017000085,32.258,0.356,32.113,0,0,0,0,2382,0,0,0,0,0,79835,79835.0,,P1,Limit | Sort | Nested Loop | Seq Scan | Projector | Projector | Text Search Scan,plans/q0804.json
q0805,bitmap,broad,random_1,300,full,False,,100000,79835,100000,79835,,100,388.4319585,433.31336669999996,466.05197759000004,389.316,0.353,388.96,300,300,300,0,324077,0,0,0,0,0,0,79835.0,,P1,Limit | Sort | Nested Loop | Seq Scan | Projector | Projector | Text Search Scan,plans/q0805.json
q0806,bitmap,broad,random_0.75,300,full,False,,100000,79835,75000,59836,,100,378.16422950000003,469.02233955,479.49433142000004,370.173,0.374,369.822,300,300,300,0,324077,0,0,0,0,0,19999,79835.0,,P1,Limit | Sort | Nested Loop | Seq Scan | Projector | Projector | Text Search Scan,plans/q0806.json
q0807,bitmap,broad,random_0.25,300,full,False,,100000,79835,25000,19905,,100,344.4381245,359.7001896,409.13449417,332.467,0.343,332.125,300,300,300,0,324077,0,0,0,0,0,59930,79835.0,,P1,Limit | Sort | Nested Loop | Seq Scan | Projector | Projector | Text Search Scan,plans/q0807.json
q0808,bitmap,broad,random_0.1,300,full,False,,100000,79835,10000,7968,,100,313.8614165,399.0489393,412.3580840800002,299.494,0.403,299.292,300,300,300,0,244156,0,0,0,0,0,71867,79835.0,,P1,Limit | Sort | Nested Loop | Seq Scan | Projector | Projector | Text Search Scan,plans/q0808.json
q0809,bitmap,broad,random_0.05,300,full,False,,100000,79835,5000,3992,,100,275.97254150000003,315.72519614999993,376.71717583000003,262.84,0.302,262.663,300,300,300,0,243837,0,0,0,0,0,75843,79835.0,,P1,Limit | Sort | Nested Loop | Seq Scan | Projector | Projector | Text Search Scan,plans/q0809.json
q0810,bitmap,broad,random_0,300,full,False,,100000,79835,0,0,,100,44.859021,48.2522893,49.85544232,32.575,0.416,32.426,0,0,0,0,2382,0,0,0,0,0,79835,79835.0,,P1,Limit | Sort | Nested Loop | Seq Scan | Projector | Projector | Text Search Scan,plans/q0810.json
q0811,bitmap,and,random_1,10,full,False,,100000,26662,100000,26662,,100,150.6707505,154.352375,155.43118142,140.472,0.389,140.1,10,10,10,0,111387,0,0,0,0,0,0,26662.0,,P1,Limit | Sort | Nested Loop | Seq Scan | Projector | Projector | Text Search Scan,plans/q0811.json
q0812,bitmap,and,random_0.75,10,full,False,,100000,26662,75000,19973,,100,145.06604149999998,148.76294969999998,153.38148676000006,134.684,0.453,134.251,10,10,10,0,111387,0,0,0,0,0,6689,26662.0,,P1,Limit | Sort | Nested Loop | Seq Scan | Projector | Projector | Text Search Scan,plans/q0812.json
q0813,bitmap,and,random_0.5,10,full,False,,100000,26662,50000,13263,,100,139.969646,143.15135064999998,150.04034542,129.35,0.413,128.987,10,10,10,0,111383,0,0,0,0,0,13399,26662.0,,P1,Limit | Sort | Nested Loop | Seq Scan | Projector | Projector | Text Search Scan,plans/q0813.json
q0814,bitmap,and,random_0.25,10,full,False,,100000,26662,25000,6748,,100,135.096479,140.09602705,159.05568342,121.204,0.357,121.038,10,10,10,0,111289,0,0,0,0,0,19914,26662.0,,P1,Limit | Sort | Nested Loop | Seq Scan | Projector | Projector | Text Search Scan,plans/q0814.json
q0815,bitmap,and,random_0.1,10,full,False,,100000,26662,10000,2751,,100,124.0082295,128.19546044999998,130.63483417000003,107.25,0.408,107.086,10,10,10,0,84033,0,0,0,0,0,23911,26662.0,,P1,Limit | Sort | Nested Loop | Seq Scan | Projector | Projector | Text Search Scan,plans/q0815.json
q0816,bitmap,and,random_0.05,10,full,False,,100000,26662,5000,1421,,100,110.952084,117.81854374999999,129.5763811600001,95.943,0.404,95.76,10,10,10,0,83454,0,0,0,0,0,25241,26662.0,,P1,Limit | Sort | Nested Loop | Seq Scan | Projector | Projector | Text Search Scan,plans/q0816.json
q0817,bitmap,and,random_0.01,10,full,False,,100000,26662,1000,296,,100,82.6646875,85.66154374999999,87.45345467000004,68.183,0.454,67.999,10,10,10,0,55984,0,0,0,0,0,26366,26662.0,,P1,Limit | Sort | Nested Loop | Seq Scan | Projector | Projector | Text Search Scan,plans/q0817.json
q0818,bitmap,and,random_0.001,10,full,False,,100000,26662,100,27,,100,32.638125,36.0792524,40.13764024000003,17.793,0.419,17.621,10,10,10,0,2411,0,0,0,0,0,26635,26662.0,,P1,Limit | Sort | Nested Loop | Seq Scan | Projector | Projector | Text Search Scan,plans/q0818.json
q0819,bitmap,and,random_0,10,full,False,,100000,26662,0,0,,100,30.2199585,34.50538715,36.01162018000001,21.486,0.365,21.318,0,0,0,0,2384,0,0,0,0,0,26662,26662.0,,P1,Limit | Sort | Nested Loop | Seq Scan | Projector | Projector | Text Search Scan,plans/q0819.json
q0820,bitmap,and,random_1,100,full,False,,100000,26662,100000,26662,,100,150.8465625,155.64186454999998,160.36849509000004,139.468,0.513,139.093,100,100,100,0,111387,0,0,0,0,0,0,26662.0,,P1,Limit | Sort | Nested Loop | Seq Scan | Projector | Projector | Text Search Scan,plans/q0820.json
q0821,bitmap,and,random_0.75,100,full,False,,100000,26662,75000,19973,,100,146.9592705,155.04554315000001,158.10801217,134.488,0.353,134.146,100,100,100,0,111387,0,0,0,0,0,6689,26662.0,,P1,Limit | Sort | Nested Loop | Seq Scan | Projector | Projector | Text Search Scan,plans/q0821.json
q0822,bitmap,and,random_0.5,100,full,False,,100000,26662,50000,13263,,100,139.7954795,147.3046643,152.03482833000004,126.935,0.426,126.57,100,100,100,0,111383,0,0,0,0,0,13399,26662.0,,P1,Limit | Sort | Nested Loop | Seq Scan | Projector | Projector | Text Search Scan,plans/q0822.json
q0823,bitmap,and,random_0.25,100,full,False,,100000,26662,25000,6748,,100,134.433041,140.67488684999998,146.65885341999999,122.154,0.429,121.949,100,100,100,0,111289,0,0,0,0,0,19914,26662.0,,P1,Limit | Sort | Nested Loop | Seq Scan | Projector | Projector | Text Search Scan,plans/q0823.json
q0824,bitmap,and,random_0.1,100,full,False,,100000,26662,10000,2751,,100,123.945416,128.20666010000002,130.3785205,107.973,0.452,107.787,100,100,100,0,84033,0,0,0,0,0,23911,26662.0,,P1,Limit | Sort | Nested Loop | Seq Scan | Projector | Projector | Text Search Scan,plans/q0824.json
q0825,bitmap,and,random_0.05,100,full,False,,100000,26662,5000,1421,,100,110.882458,114.60654585,118.27457500000006,94.535,0.409,94.345,100,100,100,0,83454,0,0,0,0,0,25241,26662.0,,P1,Limit | Sort | Nested Loop | Seq Scan | Projector | Projector | Text Search Scan,plans/q0825.json
q0826,bitmap,and,random_0.01,100,full,False,,100000,26662,1000,296,,100,83.323271,90.23115239999998,102.76186167000002,68.438,0.386,68.256,100,100,100,0,55984,0,0,0,0,0,26366,26662.0,,P1,Limit | Sort | Nested Loop | Seq Scan | Projector | Projector | Text Search Scan,plans/q0826.json
q0827,bitmap,and,random_0.001,100,full,False,,100000,26662,100,27,,100,33.0651455,36.73997145,39.34922917000001,17.931,0.41,17.762,27,27,27,0,2411,0,0,0,0,0,26635,26662.0,,P1,Limit | Sort | Nested Loop | Seq Scan | Projector | Projector | Text Search Scan,plans/q0827.json
q0828,bitmap,and,random_0,100,full,False,,100000,26662,0,0,,100,30.996416500000002,33.11403575,35.06498875000001,16.191,0.337,16.062,0,0,0,0,2384,0,0,0,0,0,26662,26662.0,,P1,Limit | Sort | Nested Loop | Seq Scan | Projector | Projector | Text Search Scan,plans/q0828.json
q0829,bitmap,and,random_1,300,full,False,,100000,26662,100000,26662,,100,152.36599999999999,164.01518395,190.97618866000124,140.083,0.448,139.69,300,300,300,0,111387,0,0,0,0,0,0,26662.0,,P1,Limit | Sort | Nested Loop | Seq Scan | Projector | Projector | Text Search Scan,plans/q0829.json
q0830,bitmap,and,random_0.75,300,full,False,,100000,26662,75000,19973,,100,145.98093799999998,150.41248685,158.03516899000002,134.211,0.444,133.824,300,300,300,0,111387,0,0,0,0,0,6689,26662.0,,P1,Limit | Sort | Nested Loop | Seq Scan | Projector | Projector | Text Search Scan,plans/q0830.json
q0831,bitmap,and,random_0.5,300,full,False,,100000,26662,50000,13263,,100,142.6343545,148.50851459999998,151.54645574,127.952,0.474,127.548,300,300,300,0,111383,0,0,0,0,0,13399,26662.0,,P1,Limit | Sort | Nested Loop | Seq Scan | Projector | Projector | Text Search Scan,plans/q0831.json
q0832,bitmap,and,random_0.25,300,full,False,,100000,26662,25000,6748,,100,136.918854,140.91053895,144.68945316,121.225,0.385,121.015,300,300,300,0,111289,0,0,0,0,0,19914,26662.0,,P1,Limit | Sort | Nested Loop | Seq Scan | Projector | Projector | Text Search Scan,plans/q0832.json
q0833,bitmap,and,random_0.1,300,full,False,,100000,26662,10000,2751,,100,124.8295625,127.38371665,130.40703150000004,108.637,0.419,108.423,300,300,300,0,84033,0,0,0,0,0,23911,26662.0,,P1,Limit | Sort | Nested Loop | Seq Scan | Projector | Projector | Text Search Scan,plans/q0833.json
q0834,bitmap,and,random_0.05,300,full,False,,100000,26662,5000,1421,,100,112.93362450000001,116.92978959999999,119.13866750000001,96.552,0.339,96.359,300,300,300,0,83454,0,0,0,0,0,25241,26662.0,,P1,Limit | Sort | Nested Loop | Seq Scan | Projector | Projector | Text Search Scan,plans/q0834.json
q0835,bitmap,and,random_0.01,300,full,False,,100000,26662,1000,296,,100,84.0551255,88.06253685,91.1699285,69.312,0.446,69.082,296,296,296,0,55984,0,0,0,0,0,26366,26662.0,,P1,Limit | Sort | Nested Loop | Seq Scan | Projector | Projector | Text Search Scan,plans/q0835.json
q0836,bitmap,and,random_0.001,300,full,False,,100000,26662,100,27,,100,33.028375,35.7378399,39.83686592000004,17.82,0.46,17.646,27,27,27,0,2411,0,0,0,0,0,26635,26662.0,,P1,Limit | Sort | Nested Loop | Seq Scan | Projector | Projector | Text Search Scan,plans/q0836.json
q0837,bitmap,and,random_0,300,full,False,,100000,26662,0,0,,100,31.336146,37.02500835,40.77771100000002,16.273,0.44,16.107,0,0,0,0,2384,0,0,0,0,0,26662,26662.0,,P1,Limit | Sort | Nested Loop | Seq Scan | Projector | Projector | Text Search Scan,plans/q0837.json
q0838,bitmap,or,random_1,10,full,False,,100000,20079,100000,20079,,100,113.113271,118.12640209999999,123.66416825000003,101.903,0.434,101.546,10,10,10,0,85040,0,0,0,0,0,0,20079.0,,P1,Limit | Sort | Nested Loop | Seq Scan | Projector | Projector | Text Search Scan,plans/q0838.json
q0839,bitmap,or,random_0.75,10,full,False,,100000,20079,75000,14977,,100,109.86227099999999,113.2547774,117.44716917000001,95.988,0.394,95.634,10,10,10,0,85040,0,0,0,0,0,5102,20079.0,,P1,Limit | Sort | Nested Loop | Seq Scan | Projector | Projector | Text Search Scan,plans/q0839.json
q0840,bitmap,or,random_0.5,10,full,False,,100000,20079,50000,9965,,100,106.740125,110.99927915,114.42899217000006,92.878,0.436,92.515,10,10,10,0,85017,0,0,0,0,0,10114,20079.0,,P1,Limit | Sort | Nested Loop | Seq Scan | Projector | Projector | Text Search Scan,plans/q0840.json
q0841,bitmap,or,random_0.25,10,full,False,,100000,20079,25000,4937,,100,102.259521,107.86823925,111.22720241000002,91.051,0.461,90.864,10,10,10,0,84764,0,0,0,0,0,15142,20079.0,,P1,Limit | Sort | Nested Loop | Seq Scan | Projector | Projector | Text Search Scan,plans/q0841.json
q0842,bitmap,or,random_0.1,10,full,False,,100000,20079,10000,1926,,100,93.7913125,97.19269195,99.88117117000003,78.319,0.409,78.133,10,10,10,0,63924,0,0,0,0,0,18153,20079.0,,P1,Limit | Sort | Nested Loop | Seq Scan | Projector | Projector | Text Search Scan,plans/q0842.json
q0843,bitmap,or,random_0.05,10,full,False,,100000,20079,5000,939,,100,85.05475,86.92290209999999,87.58279908000002,70.326,0.471,70.107,10,10,10,0,63367,0,0,0,0,0,19140,20079.0,,P1,Limit | Sort | Nested Loop | Seq Scan | Projector | Projector | Text Search Scan,plans/q0843.json
q0844,bitmap,or,random_0.01,10,full,False,,100000,20079,1000,198,,100,64.29820799999999,69.5775045,72.09294900000003,49.276,0.37,49.115,10,10,10,0,42719,0,0,0,0,0,19881,20079.0,,P1,Limit | Sort | Nested Loop | Seq Scan | Projector | Projector | Text Search Scan,plans/q0844.json
q0845,bitmap,or,random_0.001,10,full,False,,100000,20079,100,21,,100,27.929250500000002,44.76562979999999,53.52014551000001,12.718,0.432,12.563,10,10,10,0,2390,0,0,0,0,0,20058,20079.0,,P1,Limit | Sort | Nested Loop | Seq Scan | Projector | Projector | Text Search Scan,plans/q0845.json
q0846,bitmap,or,random_0,10,full,False,,100000,20079,0,0,,100,27.020708499999998,31.75188545,34.60998166000001,11.678,0.429,11.524,0,0,0,0,2369,0,0,0,0,0,20079,20079.0,,P1,Limit | Sort | Nested Loop | Seq Scan | Projector | Projector | Text Search Scan,plans/q0846.json
q0847,bitmap,or,random_1,100,full,False,,100000,20079,100000,20079,,100,114.1255415,117.35163365,121.92041033,102.37,0.445,102.01,100,100,100,0,85040,0,0,0,0,0,0,20079.0,,P1,Limit | Sort | Nested Loop | Seq Scan | Projector | Projector | Text Search Scan,plans/q0847.json
q0848,bitmap,or,random_0.75,100,full,False,,100000,20079,75000,14977,,100,110.213854,114.20963125,121.34251134000002,96.86,0.359,96.486,100,100,100,0,85040,0,0,0,0,0,5102,20079.0,,P1,Limit | Sort | Nested Loop | Seq Scan | Projector | Projector | Text Search Scan,plans/q0848.json
q0849,bitmap,or,random_0.5,100,full,False,,100000,20079,50000,9965,,100,106.8296665,114.12014855,120.50126616000021,93.148,0.43,92.749,100,100,100,0,85017,0,0,0,0,0,10114,20079.0,,P1,Limit | Sort | Nested Loop | Seq Scan | Projector | Projector | Text Search Scan,plans/q0849.json
q0850,bitmap,or,random_0.25,100,full,False,,100000,20079,25000,4937,,100,102.223833,106.02222289999999,112.62415233000007,88.223,0.412,88.015,100,100,100,0,84764,0,0,0,0,0,15142,20079.0,,P1,Limit | Sort | Nested Loop | Seq Scan | Projector | Projector | Text Search Scan,plans/q0850.json
q0851,bitmap,or,random_0.1,100,full,False,,100000,20079,10000,1926,,100,93.982021,98.36247914999998,105.62637684,78.469,0.358,78.289,100,100,100,0,63924,0,0,0,0,0,18153,20079.0,,P1,Limit | Sort | Nested Loop | Seq Scan | Projector | Projector | Text Search Scan,plans/q0851.json
q0852,bitmap,or,random_0.05,100,full,False,,100000,20079,5000,939,,100,85.2159375,93.74625209999999,97.03333467000002,69.063,0.424,68.879,100,100,100,0,63367,0,0,0,0,0,19140,20079.0,,P1,Limit | Sort | Nested Loop | Seq Scan | Projector | Projector | Text Search Scan,plans/q0852.json
q0853,bitmap,or,random_0.01,100,full,False,,100000,20079,1000,198,,100,64.8381455,69.51811845,78.74421732000013,49.348,0.396,49.161,100,100,100,0,42719,0,0,0,0,0,19881,20079.0,,P1,Limit | Sort | Nested Loop | Seq Scan | Projector | Projector | Text Search Scan,plans/q0853.json
q0854,bitmap,or,random_0.001,100,full,False,,100000,20079,100,21,,100,27.4165,29.48273155,30.69464858000003,12.911,0.415,12.743,21,21,21,0,2390,0,0,0,0,0,20058,20079.0,,P1,Limit | Sort | Nested Loop | Seq Scan | Projector | Projector | Text Search Scan,plans/q0854.json
q0855,bitmap,or,random_0,100,full,False,,100000,20079,0,0,,100,26.549687499999997,30.4240857,32.04897691,11.657,0.361,11.509,0,0,0,0,2369,0,0,0,0,0,20079,20079.0,,P1,Limit | Sort | Nested Loop | Seq Scan | Projector | Projector | Text Search Scan,plans/q0855.json
q0856,bitmap,or,random_1,300,full,False,,100000,20079,100000,20079,,100,115.418354,121.96897469999999,130.33939042000017,102.152,0.444,101.772,300,300,300,0,85040,0,0,0,0,0,0,20079.0,,P1,Limit | Sort | Nested Loop | Seq Scan | Projector | Projector | Text Search Scan,plans/q0856.json
q0857,bitmap,or,random_0.75,300,full,False,,100000,20079,75000,14977,,100,111.48302100000001,114.2487021,121.52170566000002,97.232,0.394,96.834,300,300,300,0,85040,0,0,0,0,0,5102,20079.0,,P1,Limit | Sort | Nested Loop | Seq Scan | Projector | Projector | Text Search Scan,plans/q0857.json
q0858,bitmap,or,random_0.5,300,full,False,,100000,20079,50000,9965,,100,107.56756250000001,111.0711806,124.51762117000008,92.8,0.45,92.4,300,300,300,0,85017,0,0,0,0,0,10114,20079.0,,P1,Limit | Sort | Nested Loop | Seq Scan | Projector | Projector | Text Search Scan,plans/q0858.json
q0859,bitmap,or,random_0.25,300,full,False,,100000,20079,25000,4937,,100,104.1844375,112.4425771,121.41755850000003,87.445,0.578,87.197,300,300,300,0,84764,0,0,0,0,0,15142,20079.0,,P1,Limit | Sort | Nested Loop | Seq Scan | Projector | Projector | Text Search Scan,plans/q0859.json
q0860,bitmap,or,random_0.1,300,full,False,,100000,20079,10000,1926,,100,95.070104,98.1878771,106.57548399,78.39,0.461,78.183,300,300,300,0,63924,0,0,0,0,0,18153,20079.0,,P1,Limit | Sort | Nested Loop | Seq Scan | Projector | Projector | Text Search Scan,plans/q0860.json
q0861,bitmap,or,random_0.05,300,full,False,,100000,20079,5000,939,,100,86.01529199999999,90.54484615,92.75414866000001,70.155,0.497,69.944,300,300,300,0,63367,0,0,0,0,0,19140,20079.0,,P1,Limit | Sort | Nested Loop | Seq Scan | Projector | Projector | Text Search Scan,plans/q0861.json
q0862,bitmap,or,random_0.01,300,full,False,,100000,20079,1000,198,,100,65.7968745,69.06416845,71.41138341999999,50.024,0.352,49.838,198,198,198,0,42719,0,0,0,0,0,19881,20079.0,,P1,Limit | Sort | Nested Loop | Seq Scan | Projector | Projector | Text Search Scan,plans/q0862.json
q0863,bitmap,or,random_0.001,300,full,False,,100000,20079,100,21,,100,27.079771,31.80002645,35.77954367000002,12.788,0.397,12.642,21,21,21,0,2390,0,0,0,0,0,20058,20079.0,,P1,Limit | Sort | Nested Loop | Seq Scan | Projector | Projector | Text Search Scan,plans/q0863.json
q0864,bitmap,or,random_0,300,full,False,,100000,20079,0,0,,100,26.2978125,30.4917729,31.538026250000005,11.591,0.403,11.436,0,0,0,0,2369,0,0,0,0,0,20079,20079.0,,P1,Limit | Sort | Nested Loop | Seq Scan | Projector | Projector | Text Search Scan,plans/q0864.json
q0865,bitmap,phrase,random_1,10,full,False,,100000,33334,100000,33334,,100,176.3252915,181.8380319,192.39217950000005,167.225,0.389,166.879,10,10,10,0,138075,0,0,0,0,0,0,33334.0,,P1,Limit | Sort | Nested Loop | Seq Scan | Projector | Projector | Text Search Scan,plans/q0865.json
q0866,bitmap,phrase,random_0.75,10,full,False,,100000,33334,75000,24999,,100,171.05002050000002,175.50939194999998,183.17503875,160.43,0.374,160.086,10,10,10,0,138075,0,0,0,0,0,8335,33334.0,,P1,Limit | Sort | Nested Loop | Seq Scan | Projector | Projector | Text Search Scan,plans/q0866.json
q0867,bitmap,phrase,random_0.5,10,full,False,,100000,33334,50000,16697,,100,164.473271,168.36813959999998,172.85058283000015,152.023,0.344,151.669,10,10,10,0,138075,0,0,0,0,0,16637,33334.0,,P1,Limit | Sort | Nested Loop | Seq Scan | Projector | Projector | Text Search Scan,plans/q0867.json
q0868,bitmap,phrase,random_0.25,10,full,False,,100000,33334,25000,8481,,100,158.1100835,162.48829725000002,169.79314950000003,153.207,0.394,153.022,10,10,10,0,138039,0,0,0,0,0,24853,33334.0,,P1,Limit | Sort | Nested Loop | Seq Scan | Projector | Projector | Text Search Scan,plans/q0868.json
q0869,bitmap,phrase,random_0.1,10,full,False,,100000,33334,10000,3422,,100,145.0271665,149.6161285,155.86688759000015,129.978,0.477,129.806,10,10,10,0,104221,0,0,0,0,0,29912,33334.0,,P1,Limit | Sort | Nested Loop | Seq Scan | Projector | Projector | Text Search Scan,plans/q0869.json
q0870,bitmap,phrase,random_0.05,10,full,False,,100000,33334,5000,1743,,100,129.37677100000002,133.11665415000002,134.43022366,114.564,0.348,114.407,10,10,10,0,103620,0,0,0,0,0,31591,33334.0,,P1,Limit | Sort | Nested Loop | Seq Scan | Projector | Projector | Text Search Scan,plans/q0870.json
q0871,bitmap,phrase,random_0.01,10,full,False,,100000,33334,1000,353,,100,96.03495849999999,99.24821220000001,100.86992042,81.495,0.389,81.301,10,10,10,0,69377,0,0,0,0,0,32981,33334.0,,P1,Limit | Sort | Nested Loop | Seq Scan | Projector | Projector | Text Search Scan,plans/q0871.json
q0872,bitmap,phrase,random_0.001,10,full,False,,100000,33334,100,31,,100,35.622562,39.26706519999999,42.61154791000001,20.684,0.364,20.538,10,10,10,0,2415,0,0,0,0,0,33303,33334.0,,P1,Limit | Sort | Nested Loop | Seq Scan | Projector | Projector | Text Search Scan,plans/q0872.json
q0873,bitmap,phrase,random_0,10,full,False,,100000,33334,0,0,,100,35.0812705,58.200912499999994,103.80366333000002,20.887,0.411,20.726,0,0,0,0,2384,0,0,0,0,0,33334,33334.0,,P1,Limit | Sort | Nested Loop | Seq Scan | Projector | Projector | Text Search Scan,plans/q0873.json
q0874,bitmap,phrase,random_1,100,full,False,,100000,33334,100000,33334,,100,176.1936255,181.7694774,184.48782366,167.266,0.373,166.916,100,100,100,0,138075,0,0,0,0,0,0,33334.0,,P1,Limit | Sort | Nested Loop | Seq Scan | Projector | Projector | Text Search Scan,plans/q0874.json
q0875,bitmap,phrase,random_0.75,100,full,False,,100000,33334,75000,24999,,100,171.4623335,177.98942645,180.14434059000004,158.89,0.357,158.535,100,100,100,0,138075,0,0,0,0,0,8335,33334.0,,P1,Limit | Sort | Nested Loop | Seq Scan | Projector | Projector | Text Search Scan,plans/q0875.json
q0876,bitmap,phrase,random_0.5,100,full,False,,100000,33334,50000,16697,,100,165.20722899999998,169.40521664999997,173.55469092,152.373,0.298,152.035,100,100,100,0,138075,0,0,0,0,0,16637,33334.0,,P1,Limit | Sort | Nested Loop | Seq Scan | Projector | Projector | Text Search Scan,plans/q0876.json
q0877,bitmap,phrase,random_0.25,100,full,False,,100000,33334,25000,8481,,100,159.0610415,164.5352795,166.75544175,145.048,0.386,144.863,100,100,100,0,138039,0,0,0,0,0,24853,33334.0,,P1,Limit | Sort | Nested Loop | Seq Scan | Projector | Projector | Text Search Scan,plans/q0877.json
q0878,bitmap,phrase,random_0.1,100,full,False,,100000,33334,10000,3422,,100,145.502563,150.59220805,151.98057768,130.721,0.434,130.536,100,100,100,0,104221,0,0,0,0,0,29912,33334.0,,P1,Limit | Sort | Nested Loop | Seq Scan | Projector | Projector | Text Search Scan,plans/q0878.json
q0879,bitmap,phrase,random_0.05,100,full,False,,100000,33334,5000,1743,,100,130.5245415,134.6039851,138.71451033000002,115.172,0.41,114.957,100,100,100,0,103620,0,0,0,0,0,31591,33334.0,,P1,Limit | Sort | Nested Loop | Seq Scan | Projector | Projector | Text Search Scan,plans/q0879.json
q0880,bitmap,phrase,random_0.01,100,full,False,,100000,33334,1000,353,,100,96.714625,100.57693125,104.13794143000001,82.387,0.484,82.196,100,100,100,0,69377,0,0,0,0,0,32981,33334.0,,P1,Limit | Sort | Nested Loop | Seq Scan | Projector | Projector | Text Search Scan,plans/q0880.json
q0881,bitmap,phrase,random_0.001,100,full,False,,100000,33334,100,31,,100,35.525458,38.630552099999996,39.627210500000004,21.094,0.41,20.93,31,31,31,0,2415,0,0,0,0,0,33303,33334.0,,P1,Limit | Sort | Nested Loop | Seq Scan | Projector | Projector | Text Search Scan,plans/q0881.json
q0882,bitmap,phrase,random_0,100,full,False,,100000,33334,0,0,,100,33.7048335,39.04978125,57.051199170000054,19.227,0.353,19.094,0,0,0,0,2384,0,0,0,0,0,33334,33334.0,,P1,Limit | Sort | Nested Loop | Seq Scan | Projector | Projector | Text Search Scan,plans/q0882.json
q0883,bitmap,phrase,random_1,300,full,False,,100000,33334,100000,33334,,100,178.28727099999998,188.1538024,196.731373,166.523,0.496,166.132,300,300,300,0,138075,0,0,0,0,0,0,33334.0,,P1,Limit | Sort | Nested Loop | Seq Scan | Projector | Projector | Text Search Scan,plans/q0883.json
q0884,bitmap,phrase,random_0.75,300,full,False,,100000,33334,75000,24999,,100,172.1384585,178.4579809,182.74239491,159.4,0.415,159.014,300,300,300,0,138075,0,0,0,0,0,8335,33334.0,,P1,Limit | Sort | Nested Loop | Seq Scan | Projector | Projector | Text Search Scan,plans/q0884.json
q0885,bitmap,phrase,random_0.5,300,full,False,,100000,33334,50000,16697,,100,166.99816650000002,173.08540385,180.17499592,155.035,0.409,154.633,300,300,300,0,138075,0,0,0,0,0,16637,33334.0,,P1,Limit | Sort | Nested Loop | Seq Scan | Projector | Projector | Text Search Scan,plans/q0885.json
q0886,bitmap,phrase,random_0.25,300,full,False,,100000,33334,25000,8481,,100,159.58222949999998,166.27542079999998,175.76378083000006,146.867,0.298,146.678,300,300,300,0,138039,0,0,0,0,0,24853,33334.0,,P1,Limit | Sort | Nested Loop | Seq Scan | Projector | Projector | Text Search Scan,plans/q0886.json
q0887,bitmap,phrase,random_0.1,300,full,False,,100000,33334,10000,3422,,100,146.25437449999998,150.95429725,161.94403667000057,128.831,0.422,128.621,300,300,300,0,104221,0,0,0,0,0,29912,33334.0,,P1,Limit | Sort | Nested Loop | Seq Scan | Projector | Projector | Text Search Scan,plans/q0887.json
q0888,bitmap,phrase,random_0.05,300,full,False,,100000,33334,5000,1743,,100,131.4648125,136.41013185,140.22621092000006,116.643,0.421,116.399,300,300,300,0,103620,0,0,0,0,0,31591,33334.0,,P1,Limit | Sort | Nested Loop | Seq Scan | Projector | Projector | Text Search Scan,plans/q0888.json
q0889,bitmap,phrase,random_0.01,300,full,False,,100000,33334,1000,353,,100,97.501833,101.44152355,106.88091625000003,81.641,0.39,81.415,300,300,300,0,69377,0,0,0,0,0,32981,33334.0,,P1,Limit | Sort | Nested Loop | Seq Scan | Projector | Projector | Text Search Scan,plans/q0889.json
q0890,bitmap,phrase,random_0.001,300,full,False,,100000,33334,100,31,,100,35.2280625,39.37435835,46.12075926,21.102,0.426,20.936,31,31,31,0,2415,0,0,0,0,0,33303,33334.0,,P1,Limit | Sort | Nested Loop | Seq Scan | Projector | Projector | Text Search Scan,plans/q0890.json
q0891,bitmap,phrase,random_0,300,full,False,,100000,33334,0,0,,100,33.97475,37.30853925,43.42844517000003,18.945,0.448,18.776,0,0,0,0,2384,0,0,0,0,0,33334,33334.0,,P1,Limit | Sort | Nested Loop | Seq Scan | Projector | Projector | Text Search Scan,plans/q0891.json
q0892,bitmap,prefix,random_1,10,full,False,,100000,100000,100000,100000,,100,496.6240415,563.7451565499999,577.0828091700001,507.403,1.277,506.342,10,10,10,0,404982,0,0,0,0,0,0,100000.0,,P1,Limit | Sort | Nested Loop | Seq Scan | Projector | Projector | Text Search Scan,plans/q0892.json
q0893,bitmap,prefix,random_0.75,10,full,False,,100000,100000,75000,75000,,100,482.70687499999997,546.76181045,571.3159845900001,481.256,1.419,480.168,10,10,10,0,404982,0,0,0,0,0,25000,100000.0,,P1,Limit | Sort | Nested Loop | Seq Scan | Projector | Projector | Text Search Scan,plans/q0893.json
q0894,bitmap,prefix,random_0.5,10,full,False,,100000,100000,50000,50000,,100,461.2814995,519.61974135,563.35865616,455.528,1.423,454.548,10,10,10,0,404982,0,0,0,0,0,50000,100000.0,,P1,Limit | Sort | Nested Loop | Seq Scan | Projector | Projector | Text Search Scan,plans/q0894.json
q0895,bitmap,prefix,random_0.25,10,full,False,,100000,100000,25000,25000,,100,442.2342705,458.1985753,477.7552333300001,432.061,1.523,431.02,10,10,10,0,404982,0,0,0,0,0,75000,100000.0,,P1,Limit | Sort | Nested Loop | Seq Scan | Projector | Projector | Text Search Scan,plans/q0895.json
q0896,bitmap,prefix,random_0.1,10,full,False,,100000,100000,10000,10000,,100,396.963521,423.00097675,463.75263158000024,379.925,1.351,379.027,10,10,10,0,304942,0,0,0,0,0,90000,100000.0,,P1,Limit | Sort | Nested Loop | Seq Scan | Projector | Projector | Text Search Scan,plans/q0896.json
q0897,bitmap,prefix,random_0.05,10,full,False,,100000,100000,5000,5000,,100,354.8788755,409.35027435,457.4628526700001,344.654,1.512,344.105,10,10,10,0,304697,0,0,0,0,0,95000,100000.0,,P1,Limit | Sort | Nested Loop | Seq Scan | Projector | Projector | Text Search Scan,plans/q0897.json
q0898,bitmap,prefix,random_0.01,10,full,False,,100000,100000,1000,1000,,100,256.231459,265.87860595,335.28458225,244.039,1.297,243.498,10,10,10,0,203431,0,0,0,0,0,99000,100000.0,,P1,Limit | Sort | Nested Loop | Seq Scan | Projector | Projector | Text Search Scan,plans/q0898.json
q0899,bitmap,prefix,random_0.001,10,full,False,,100000,100000,100,100,,100,71.7233335,76.68263575,81.45503816000003,59.373,1.307,58.851,10,10,10,0,2726,0,0,0,0,0,99900,100000.0,,P1,Limit | Sort | Nested Loop | Seq Scan | Projector | Projector | Text Search Scan,plans/q0899.json
q0900,bitmap,prefix,random_0,10,full,False,,100000,100000,0,0,,100,66.9293335,73.24673815,77.35291491000008,55.431,1.39,54.88,0,0,0,0,2627,0,0,0,0,0,100000,100000.0,,P1,Limit | Sort | Nested Loop | Seq Scan | Projector | Projector | Text Search Scan,plans/q0900.json
q0901,bitmap,prefix,random_1,100,full,False,,100000,100000,100000,100000,,100,496.127979,506.73175415000003,542.0898399100001,501.957,1.433,500.929,100,100,100,0,404982,0,0,0,0,0,0,100000.0,,P1,Limit | Sort | Nested Loop | Seq Scan | Projector | Projector | Text Search Scan,plans/q0901.json
q0902,bitmap,prefix,random_0.75,100,full,False,,100000,100000,75000,75000,,100,482.117438,560.23737295,589.0062403300009,479.786,1.319,478.784,100,100,100,0,404982,0,0,0,0,0,25000,100000.0,,P1,Limit | Sort | Nested Loop | Seq Scan | Projector | Projector | Text Search Scan,plans/q0902.json
q0903,bitmap,prefix,random_0.5,100,full,False,,100000,100000,50000,50000,,100,459.9600005,550.85256695,563.6862410800001,458.78,1.383,457.823,100,100,100,0,404982,0,0,0,0,0,50000,100000.0,,P1,Limit | Sort | Nested Loop | Seq Scan | Projector | Projector | Text Search Scan,plans/q0903.json
q0904,bitmap,prefix,random_0.25,100,full,False,,100000,100000,25000,25000,,100,443.09752100000003,483.2716809,517.5565223300001,435.458,1.356,434.425,100,100,100,0,404982,0,0,0,0,0,75000,100000.0,,P1,Limit | Sort | Nested Loop | Seq Scan | Projector | Projector | Text Search Scan,plans/q0904.json
q0905,bitmap,prefix,random_0.1,100,full,False,,100000,100000,10000,10000,,100,400.605771,446.54186665,470.5701420000002,383.737,1.331,382.794,100,100,100,0,304942,0,0,0,0,0,90000,100000.0,,P1,Limit | Sort | Nested Loop | Seq Scan | Projector | Projector | Text Search Scan,plans/q0905.json
q0906,bitmap,prefix,random_0.05,100,full,False,,100000,100000,5000,5000,,100,357.076646,410.83691285,424.6358867600001,346.534,1.267,346.002,100,100,100,0,304697,0,0,0,0,0,95000,100000.0,,P1,Limit | Sort | Nested Loop | Seq Scan | Projector | Projector | Text Search Scan,plans/q0906.json
q0907,bitmap,prefix,random_0.01,100,full,False,,100000,100000,1000,1000,,100,257.966146,358.9428048,360.64174333000005,245.698,1.453,245.127,100,100,100,0,203431,0,0,0,0,0,99000,100000.0,,P1,Limit | Sort | Nested Loop | Seq Scan | Projector | Projector | Text Search Scan,plans/q0907.json
q0908,bitmap,prefix,random_0.001,100,full,False,,100000,100000,100,100,,100,72.5298125,76.75692325,77.60579241000005,59.674,1.381,59.114,100,100,100,0,2726,0,0,0,0,0,99900,100000.0,,P1,Limit | Sort | Nested Loop | Seq Scan | Projector | Projector | Text Search Scan,plans/q0908.json
q0909,bitmap,prefix,random_0,100,full,False,,100000,100000,0,0,,100,66.485354,68.7521274,70.19719958,54.171,1.389,53.634,0,0,0,0,2627,0,0,0,0,0,100000,100000.0,,P1,Limit | Sort | Nested Loop | Seq Scan | Projector | Projector | Text Search Scan,plans/q0909.json
q0910,bitmap,prefix,random_1,300,full,False,,100000,100000,100000,100000,,100,499.7276455,550.06375595,580.0686174200001,501.993,1.354,500.95,300,300,300,0,404982,0,0,0,0,0,0,100000.0,,P1,Limit | Sort | Nested Loop | Seq Scan | Projector | Projector | Text Search Scan,plans/q0910.json
q0911,bitmap,prefix,random_0.75,300,full,False,,100000,100000,75000,75000,,100,480.4693545,512.20722645,540.7041117600002,476.015,1.276,474.917,300,300,300,0,404982,0,0,0,0,0,25000,100000.0,,P1,Limit | Sort | Nested Loop | Seq Scan | Projector | Projector | Text Search Scan,plans/q0911.json
q0912,bitmap,prefix,random_0.5,300,full,False,,100000,100000,50000,50000,,100,465.03225,531.2509121999999,569.4935357500008,455.364,1.363,454.4,300,300,300,0,404982,0,0,0,0,0,50000,100000.0,,P1,Limit | Sort | Nested Loop | Seq Scan | Projector | Projector | Text Search Scan,plans/q0912.json
q0913,bitmap,prefix,random_0.25,300,full,False,,100000,100000,25000,25000,,100,443.47445849999997,518.3798562500001,544.3328825,442.028,1.381,441.084,300,300,300,0,404982,0,0,0,0,0,75000,100000.0,,P1,Limit | Sort | Nested Loop | Seq Scan | Projector | Projector | Text Search Scan,plans/q0913.json
q0914,bitmap,prefix,random_0.1,300,full,False,,100000,100000,10000,10000,,100,402.24316699999997,439.09911519999997,502.60510592,381.295,1.374,380.275,300,300,300,0,304942,0,0,0,0,0,90000,100000.0,,P1,Limit | Sort | Nested Loop | Seq Scan | Projector | Projector | Text Search Scan,plans/q0914.json
q0915,bitmap,prefix,random_0.05,300,full,False,,100000,100000,5000,5000,,100,358.123875,458.62276845,464.282005,348.388,1.242,347.809,300,300,300,0,304697,0,0,0,0,0,95000,100000.0,,P1,Limit | Sort | Nested Loop | Seq Scan | Projector | Projector | Text Search Scan,plans/q0915.json
q0916,bitmap,prefix,random_0.01,300,full,False,,100000,100000,1000,1000,,100,258.171375,270.67004964999995,294.22270700000024,242.638,1.323,242.084,300,300,300,0,203431,0,0,0,0,0,99000,100000.0,,P1,Limit | Sort | Nested Loop | Seq Scan | Projector | Projector | Text Search Scan,plans/q0916.json
q0917,bitmap,prefix,random_0.001,300,full,False,,100000,100000,100,100,,100,72.2901045,76.3654396,81.76476083000003,59.397,1.334,58.829,100,100,100,0,2726,0,0,0,0,0,99900,100000.0,,P1,Limit | Sort | Nested Loop | Seq Scan | Projector | Projector | Text Search Scan,plans/q0917.json
q0918,bitmap,prefix,random_0,300,full,False,,100000,100000,0,0,,100,66.698583,72.52969965,73.65184750000002,54.265,1.354,53.703,0,0,0,0,2627,0,0,0,0,0,100000,100000.0,,P1,Limit | Sort | Nested Loop | Seq Scan | Projector | Projector | Text Search Scan,plans/q0918.json
q0919,enumeration,rare,clustered_1,10,full,False,,100000,486,100000,486,,100,35.9582085,38.98183365,41.22287917000001,28.45,0.431,28.279,10,10,10,0,454,0,0,0,0,0,0,486.0,,P1,Limit | ProjectSet | Seq Scan | Sort | Hash Join | CTE Scan | Hash | Projector | Text Search Scan,plans/q0919.json
q0920,enumeration,rare,clustered_0.75,10,full,False,,100000,486,75000,340,,100,30.815479000000003,34.0549899,37.350682080000006,21.517,0.432,21.358,10,10,10,0,454,0,0,0,0,0,0,486.0,,P1,Limit | ProjectSet | Seq Scan | Sort | Hash Join | CTE Scan | Hash | Projector | Text Search Scan,plans/q0920.json
q0921,enumeration,rare,clustered_0.5,10,full,False,,100000,486,50000,231,,100,26.7167915,28.4068851,29.624153670000002,14.71,0.388,14.53,10,10,10,0,453,0,0,0,0,0,0,486.0,,P1,Limit | ProjectSet | Seq Scan | Sort | Hash Join | CTE Scan | Hash | Projector | Text Search Scan,plans/q0921.json
q0922,enumeration,rare,clustered_0.25,10,full,False,,100000,486,25000,126,,100,23.993271,49.11708364999999,60.86659116000004,7.855,0.474,7.697,10,10,10,0,453,0,0,0,0,0,0,486.0,,P1,Limit | ProjectSet | Seq Scan | Sort | Hash Join | CTE Scan | Hash | Projector | Text Search Scan,plans/q0922.json
q0923,enumeration,rare,clustered_0.1,10,full,False,,100000,486,10000,53,,100,18.000812500000002,20.9042944,21.358743330000014,3.791,0.472,3.645,10,10,10,0,453,0,0,0,0,0,0,486.0,,P1,Limit | ProjectSet | Seq Scan | Sort | Hash Join | CTE Scan | Hash | Projector | Text Search Scan,plans/q0923.json
q0924,enumeration,rare,clustered_0.05,10,full,False,,100000,486,5000,28,,100,18.045104000000002,21.6606524,22.920166330000004,2.37,0.443,2.234,10,10,10,0,453,0,0,0,0,0,0,486.0,,P1,Limit | ProjectSet | Seq Scan | Sort | Hash Join | CTE Scan | Hash | Projector | Text Search Scan,plans/q0924.json
q0925,enumeration,rare,clustered_0.01,10,full,False,,100000,486,1000,9,,100,17.3499375,19.111791,20.957255750000005,1.248,0.415,1.12,9,9,9,0,452,0,0,0,0,0,0,486.0,,P1,Limit | ProjectSet | Seq Scan | Sort | Hash Join | CTE Scan | Hash | Projector | Text Search Scan,plans/q0925.json
q0926,enumeration,rare,clustered_0.001,10,full,False,,100000,486,100,0,,100,17.308354,18.4604045,18.91317051,1.036,0.463,0.898,0,0,0,0,450,0,0,0,0,0,0,486.0,,P1,Limit | ProjectSet | Seq Scan | Sort | Hash Join | CTE Scan | Hash | Projector | Text Search Scan,plans/q0926.json
q0927,enumeration,rare,clustered_0,10,full,False,,100000,486,0,0,,100,15.970625,18.922504149999998,21.430795240000016,0.158,0.45,0.022,0,0,0,0,1,0,0,0,0,0,0,0,,P1,Limit | ProjectSet | Seq Scan | Sort | Hash Join | CTE Scan | Hash | Projector | Text Search Scan,plans/q0927.json
q0928,enumeration,rare,clustered_1,100,full,False,,100000,486,100000,486,,100,36.3821045,41.13426455,49.30464824000009,28.477,0.403,28.31,100,100,100,0,454,0,0,0,0,0,0,486.0,,P1,Limit | ProjectSet | Seq Scan | Sort | Hash Join | CTE Scan | Hash | Projector | Text Search Scan,plans/q0928.json
q0929,enumeration,rare,clustered_0.75,100,full,False,,100000,486,75000,340,,100,30.873520499999998,33.599427399999996,34.94947800000003,21.656,0.412,21.488,100,100,100,0,454,0,0,0,0,0,0,486.0,,P1,Limit | ProjectSet | Seq Scan | Sort | Hash Join | CTE Scan | Hash | Projector | Text Search Scan,plans/q0929.json
q0930,enumeration,rare,clustered_0.5,100,full,False,,100000,486,50000,231,,100,26.9866665,31.1991694,37.62562575000006,14.614,0.459,14.443,100,100,100,0,453,0,0,0,0,0,0,486.0,,P1,Limit | ProjectSet | Seq Scan | Sort | Hash Join | CTE Scan | Hash | Projector | Text Search Scan,plans/q0930.json
q0931,enumeration,rare,clustered_0.25,100,full,False,,100000,486,25000,126,,100,21.9994165,25.1111518,26.417363010000013,7.98,0.431,7.825,100,100,100,0,453,0,0,0,0,0,0,486.0,,P1,Limit | ProjectSet | Seq Scan | Sort | Hash Join | CTE Scan | Hash | Projector | Text Search Scan,plans/q0931.json
q0932,enumeration,rare,clustered_0.1,100,full,False,,100000,486,10000,53,,100,18.181936999999998,20.47323575,21.06609875,3.714,0.432,3.572,53,53,53,0,453,0,0,0,0,0,0,486.0,,P1,Limit | ProjectSet | Seq Scan | Sort | Hash Join | CTE Scan | Hash | Projector | Text Search Scan,plans/q0932.json
q0933,enumeration,rare,clustered_0.05,100,full,False,,100000,486,5000,28,,100,18.054125,23.96734855,24.797174250000033,2.403,0.388,2.276,28,28,28,0,453,0,0,0,0,0,0,486.0,,P1,Limit | ProjectSet | Seq Scan | Sort | Hash Join | CTE Scan | Hash | Projector | Text Search Scan,plans/q0933.json
q0934,enumeration,rare,clustered_0.01,100,full,False,,100000,486,1000,9,,100,17.5328125,19.69429375,22.75782217,1.251,0.427,1.118,9,9,9,0,452,0,0,0,0,0,0,486.0,,P1,Limit | ProjectSet | Seq Scan | Sort | Hash Join | CTE Scan | Hash | Projector | Text Search Scan,plans/q0934.json
q0935,enumeration,rare,clustered_0.001,100,full,False,,100000,486,100,0,,100,16.762708,20.08971105,21.355661580000003,0.975,0.445,0.85,0,0,0,0,450,0,0,0,0,0,0,486.0,,P1,Limit | ProjectSet | Seq Scan | Sort | Hash Join | CTE Scan | Hash | Projector | Text Search Scan,plans/q0935.json
q0936,enumeration,rare,clustered_0,100,full,False,,100000,486,0,0,,100,16.1039585,20.20240415,21.71250616,0.182,0.483,0.023,0,0,0,0,1,0,0,0,0,0,0,0,,P1,Limit | ProjectSet | Seq Scan | Sort | Hash Join | CTE Scan | Hash | Projector | Text Search Scan,plans/q0936.json
q0937,enumeration,rare,clustered_1,300,full,False,,100000,486,100000,486,,100,37.5165625,41.77013125,42.24015416000002,29.096,0.44,28.892,300,300,300,0,454,0,0,0,0,0,0,486.0,,P1,Limit | ProjectSet | Seq Scan | Sort | Hash Join | CTE Scan | Hash | Projector | Text Search Scan,plans/q0937.json
q0938,enumeration,rare,clustered_0.75,300,full,False,,100000,486,75000,340,,100,32.523666500000004,35.875625299999996,38.88009392000001,21.576,0.362,21.407,300,300,300,0,454,0,0,0,0,0,0,486.0,,P1,Limit | ProjectSet | Seq Scan | Sort | Hash Join | CTE Scan | Hash | Projector | Text Search Scan,plans/q0938.json
q0939,enumeration,rare,clustered_0.5,300,full,False,,100000,486,50000,231,,100,27.375354,29.59480445,30.20620825000002,14.581,0.324,14.436,231,231,231,0,453,0,0,0,0,0,0,486.0,,P1,Limit | ProjectSet | Seq Scan | Sort | Hash Join | CTE Scan | Hash | Projector | Text Search Scan,plans/q0939.json
q0940,enumeration,rare,clustered_0.25,300,full,False,,100000,486,25000,126,,100,22.874146,24.8143747,26.668880740000002,7.842,0.503,7.662,126,126,126,0,453,0,0,0,0,0,0,486.0,,P1,Limit | ProjectSet | Seq Scan | Sort | Hash Join | CTE Scan | Hash | Projector | Text Search Scan,plans/q0940.json
q0941,enumeration,rare,clustered_0.1,300,full,False,,100000,486,10000,53,,100,18.653104499999998,20.1219896,21.113199670000053,3.752,0.488,3.593,53,53,53,0,453,0,0,0,0,0,0,486.0,,P1,Limit | ProjectSet | Seq Scan | Sort | Hash Join | CTE Scan | Hash | Projector | Text Search Scan,plans/q0941.json
q0942,enumeration,rare,clustered_0.05,300,full,False,,100000,486,5000,28,,100,18.685708499999997,31.075044399999996,43.550833000000104,2.346,0.41,2.209,28,28,28,0,453,0,0,0,0,0,0,486.0,,P1,Limit | ProjectSet | Seq Scan | Sort | Hash Join | CTE Scan | Hash | Projector | Text Search Scan,plans/q0942.json
q0943,enumeration,rare,clustered_0.01,300,full,False,,100000,486,1000,9,,100,16.748417,18.96701425,23.859131250000022,1.337,0.425,1.197,9,9,9,0,452,0,0,0,0,0,0,486.0,,P1,Limit | ProjectSet | Seq Scan | Sort | Hash Join | CTE Scan | Hash | Projector | Text Search Scan,plans/q0943.json
q0944,enumeration,rare,clustered_0.001,300,full,False,,100000,486,100,0,,100,17.5272085,24.70961075,27.730259410000002,1.003,0.371,0.886,0,0,0,0,450,0,0,0,0,0,0,486.0,,P1,Limit | ProjectSet | Seq Scan | Sort | Hash Join | CTE Scan | Hash | Projector | Text Search Scan,plans/q0944.json
q0945,enumeration,rare,clustered_0,300,full,False,,100000,486,0,0,,100,15.789458,21.002568099999998,22.561228330000006,0.14,0.408,0.019,0,0,0,0,1,0,0,0,0,0,0,0,,P1,Limit | ProjectSet | Seq Scan | Sort | Hash Join | CTE Scan | Hash | Projector | Text Search Scan,plans/q0945.json
q0946,enumeration,medium,clustered_1,10,full,False,,100000,20079,100000,20079,,100,52.877792,56.4322774,60.329193990000014,48.053,0.389,47.723,10,10,10,0,2371,0,0,0,0,0,0,20079.0,,P1,Limit | ProjectSet | Seq Scan | Sort | Hash Join | CTE Scan | Hash | Projector | Text Search Scan,plans/q0946.json
q0947,enumeration,medium,clustered_0.75,10,full,False,,100000,20079,75000,15058,,100,45.9688335,47.8790503,50.32436092000004,39.2,0.371,38.882,10,10,10,0,2371,0,0,0,0,0,0,20079.0,,P1,Limit | ProjectSet | Seq Scan | Sort | Hash Join | CTE Scan | Hash | Projector | Text Search Scan,plans/q0947.json
q0948,enumeration,medium,clustered_0.5,10,full,False,,100000,20079,50000,10091,,100,40.3880625,43.9890027,45.50673509000002,32.025,0.461,31.653,10,10,10,0,2370,0,0,0,0,0,0,20079.0,,P1,Limit | ProjectSet | Seq Scan | Sort | Hash Join | CTE Scan | Hash | Projector | Text Search Scan,plans/q0948.json
q0949,enumeration,medium,clustered_0.25,10,full,False,,100000,20079,25000,5034,,100,35.38525,41.12617565,44.87958584000005,23.308,0.451,22.96,10,10,10,0,2370,0,0,0,0,0,0,20079.0,,P1,Limit | ProjectSet | Seq Scan | Sort | Hash Join | CTE Scan | Hash | Projector | Text Search Scan,plans/q0949.json
q0950,enumeration,medium,clustered_0.1,10,full,False,,100000,20079,10000,1964,,100,30.4020625,32.435295849999996,33.26299301000001,17.726,0.494,17.379,10,10,10,0,2370,0,0,0,0,0,0,20079.0,,P1,Limit | ProjectSet | Seq Scan | Sort | Hash Join | CTE Scan | Hash | Projector | Text Search Scan,plans/q0950.json
q0951,enumeration,medium,clustered_0.05,10,full,False,,100000,20079,5000,968,,100,29.5775835,33.5488827,34.70470800000001,15.866,0.418,15.538,10,10,10,0,2370,0,0,0,0,0,0,20079.0,,P1,Limit | ProjectSet | Seq Scan | Sort | Hash Join | CTE Scan | Hash | Projector | Text Search Scan,plans/q0951.json
q0952,enumeration,medium,clustered_0.01,10,full,False,,100000,20079,1000,193,,100,28.516,30.8167622,32.77256375000001,14.315,0.39,14.041,10,10,10,0,2369,0,0,0,0,0,0,20079.0,,P1,Limit | ProjectSet | Seq Scan | Sort | Hash Join | CTE Scan | Hash | Projector | Text Search Scan,plans/q0952.json
q0953,enumeration,medium,clustered_0.001,10,full,False,,100000,20079,100,21,,100,27.8687915,30.6174819,32.86165408000001,13.689,0.383,13.428,10,10,10,0,2367,0,0,0,0,0,0,20079.0,,P1,Limit | ProjectSet | Seq Scan | Sort | Hash Join | CTE Scan | Hash | Projector | Text Search Scan,plans/q0953.json
q0954,enumeration,medium,clustered_0,10,full,False,,100000,20079,0,0,,100,15.973374999999999,18.648483,20.547342920000006,0.151,0.436,0.024,0,0,0,0,1,0,0,0,0,0,0,0,,P1,Limit | ProjectSet | Seq Scan | Sort | Hash Join | CTE Scan | Hash | Projector | Text Search Scan,plans/q0954.json
q0955,enumeration,medium,clustered_1,100,full,False,,100000,20079,100000,20079,,100,52.127646,56.48091075,78.48659643000006,47.528,0.375,47.213,100,100,100,0,2371,0,0,0,0,0,0,20079.0,,P1,Limit | ProjectSet | Seq Scan | Sort | Hash Join | CTE Scan | Hash | Projector | Text Search Scan,plans/q0955.json
q0956,enumeration,medium,clustered_0.75,100,full,False,,100000,20079,75000,15058,,100,46.4398335,66.036875,74.39358833000006,40.498,0.442,40.13,100,100,100,0,2371,0,0,0,0,0,0,20079.0,,P1,Limit | ProjectSet | Seq Scan | Sort | Hash Join | CTE Scan | Hash | Projector | Text Search Scan,plans/q0956.json
q0957,enumeration,medium,clustered_0.5,100,full,False,,100000,20079,50000,10091,,100,39.909687500000004,43.12635624999999,44.50744858,32.166,0.436,31.811,100,100,100,0,2370,0,0,0,0,0,0,20079.0,,P1,Limit | ProjectSet | Seq Scan | Sort | Hash Join | CTE Scan | Hash | Projector | Text Search Scan,plans/q0957.json
q0958,enumeration,medium,clustered_0.25,100,full,False,,100000,20079,25000,5034,,100,36.2709375,46.952391649999996,52.252247500000074,22.94,0.421,22.585,100,100,100,0,2370,0,0,0,0,0,0,20079.0,,P1,Limit | ProjectSet | Seq Scan | Sort | Hash Join | CTE Scan | Hash | Projector | Text Search Scan,plans/q0958.json
q0959,enumeration,medium,clustered_0.1,100,full,False,,100000,20079,10000,1964,,100,31.000291,34.5601101,42.42664051,18.67,0.459,18.289,100,100,100,0,2370,0,0,0,0,0,0,20079.0,,P1,Limit | ProjectSet | Seq Scan | Sort | Hash Join | CTE Scan | Hash | Projector | Text Search Scan,plans/q0959.json
q0960,enumeration,medium,clustered_0.05,100,full,False,,100000,20079,5000,968,,100,29.3907715,32.454788949999994,36.397018000000074,15.639,0.448,15.344,100,100,100,0,2370,0,0,0,0,0,0,20079.0,,P1,Limit | ProjectSet | Seq Scan | Sort | Hash Join | CTE Scan | Hash | Projector | Text Search Scan,plans/q0960.json
q0961,enumeration,medium,clustered_0.01,100,full,False,,100000,20079,1000,193,,100,28.913062,31.056014249999997,31.864531340000003,14.574,0.448,14.229,100,100,100,0,2369,0,0,0,0,0,0,20079.0,,P1,Limit | ProjectSet | Seq Scan | Sort | Hash Join | CTE Scan | Hash | Projector | Text Search Scan,plans/q0961.json
q0962,enumeration,medium,clustered_0.001,100,full,False,,100000,20079,100,21,,100,27.7197915,30.55155835,33.02318917,14.462,0.5,14.127,21,21,21,0,2367,0,0,0,0,0,0,20079.0,,P1,Limit | ProjectSet | Seq Scan | Sort | Hash Join | CTE Scan | Hash | Projector | Text Search Scan,plans/q0962.json
q0963,enumeration,medium,clustered_0,100,full,False,,100000,20079,0,0,,100,15.959291499999999,18.5014045,19.00617518000001,0.143,0.416,0.019,0,0,0,0,1,0,0,0,0,0,0,0,,P1,Limit | ProjectSet | Seq Scan | Sort | Hash Join | CTE Scan | Hash | Projector | Text Search Scan,plans/q0963.json
q0964,enumeration,medium,clustered_1,300,full,False,,100000,20079,100000,20079,,100,52.812708,56.2527854,59.16119050000003,49.159,0.34,48.788,300,300,300,0,2371,0,0,0,0,0,0,20079.0,,P1,Limit | ProjectSet | Seq Scan | Sort | Hash Join | CTE Scan | Hash | Projector | Text Search Scan,plans/q0964.json
q0965,enumeration,medium,clustered_0.75,300,full,False,,100000,20079,75000,15058,,100,48.884499500000004,54.29354965,58.25610149000001,40.412,0.464,40.039,300,300,300,0,2371,0,0,0,0,0,0,20079.0,,P1,Limit | ProjectSet | Seq Scan | Sort | Hash Join | CTE Scan | Hash | Projector | Text Search Scan,plans/q0965.json
q0966,enumeration,medium,clustered_0.5,300,full,False,,100000,20079,50000,10091,,100,41.757396,46.236658299999995,47.700206910000006,31.257,0.375,30.889,300,300,300,0,2370,0,0,0,0,0,0,20079.0,,P1,Limit | ProjectSet | Seq Scan | Sort | Hash Join | CTE Scan | Hash | Projector | Text Search Scan,plans/q0966.json
q0967,enumeration,medium,clustered_0.25,300,full,False,,100000,20079,25000,5034,,100,35.690167,39.667277399999996,43.45076667000003,22.752,0.348,22.459,300,300,300,0,2370,0,0,0,0,0,0,20079.0,,P1,Limit | ProjectSet | Seq Scan | Sort | Hash Join | CTE Scan | Hash | Projector | Text Search Scan,plans/q0967.json
q0968,enumeration,medium,clustered_0.1,300,full,False,,100000,20079,10000,1964,,100,32.673604499999996,38.512661849999986,320.23866758,17.887,0.426,17.55,300,300,300,0,2370,0,0,0,0,0,0,20079.0,,P1,Limit | ProjectSet | Seq Scan | Sort | Hash Join | CTE Scan | Hash | Projector | Text Search Scan,plans/q0968.json
q0969,enumeration,medium,clustered_0.05,300,full,False,,100000,20079,5000,968,,100,29.967624999999998,39.4777104,50.23915500000004,15.96,0.391,15.655,300,300,300,0,2370,0,0,0,0,0,0,20079.0,,P1,Limit | ProjectSet | Seq Scan | Sort | Hash Join | CTE Scan | Hash | Projector | Text Search Scan,plans/q0969.json
q0970,enumeration,medium,clustered_0.01,300,full,False,,100000,20079,1000,193,,100,29.523916999999997,32.28851455,34.18322400000001,14.069,0.343,13.824,193,193,193,0,2369,0,0,0,0,0,0,20079.0,,P1,Limit | ProjectSet | Seq Scan | Sort | Hash Join | CTE Scan | Hash | Projector | Text Search Scan,plans/q0970.json
q0971,enumeration,medium,clustered_0.001,300,full,False,,100000,20079,100,21,,100,27.15175,30.992449699999998,67.90977566000058,13.756,0.428,13.494,21,21,21,0,2367,0,0,0,0,0,0,20079.0,,P1,Limit | ProjectSet | Seq Scan | Sort | Hash Join | CTE Scan | Hash | Projector | Text Search Scan,plans/q0971.json
q0972,enumeration,medium,clustered_0,300,full,False,,100000,20079,0,0,,100,16.077104,19.59421075,24.051822500000068,0.167,0.535,0.021,0,0,0,0,1,0,0,0,0,0,0,0,,P1,Limit | ProjectSet | Seq Scan | Sort | Hash Join | CTE Scan | Hash | Projector | Text Search Scan,plans/q0972.json
q0973,enumeration,broad,clustered_1,10,full,False,,100000,79835,100000,79835,,100,1244.2524374999998,1331.11853895,1334.2679641700004,1261.807,0.412,1261.463,10,10,10,0,1401495,0,0,0,0,0,0,80000.0,,P3,Limit | ProjectSet | Seq Scan | Sort | Nested Loop | CTE Scan | Projector | Projector | Conjunction Scan | Text Search Scan | Index TID Probe,plans/q0973.json
q0974,enumeration,broad,clustered_0.75,10,full,False,,100000,79835,75000,59970,,100,938.2802705,965.04260655,1024.80333408,945.445,0.366,945.047,10,10,10,0,1068743,0,0,0,0,0,0,60000.0,,P3,Limit | ProjectSet | Seq Scan | Sort | Nested Loop | CTE Scan | Projector | Projector | Conjunction Scan | Text Search Scan | Index TID Probe,plans/q0974.json
q0975,enumeration,broad,clustered_0.5,10,full,False,,100000,79835,50000,39914,,100,627.1884170000001,669.56808715,721.7553414300002,624.944,0.484,624.551,10,10,10,0,705993,0,0,0,0,0,0,40000.0,,P3,Limit | ProjectSet | Seq Scan | Sort | Nested Loop | CTE Scan | Projector | Projector | Conjunction Scan | Text Search Scan | Index TID Probe,plans/q0975.json
q0976,enumeration,broad,clustered_0.25,10,full,False,,100000,79835,25000,19993,,100,315.1541465,379.17149965,394.91825916000005,304.909,0.449,304.538,10,10,10,0,325272,0,0,0,0,0,0,20000.0,,P3,Limit | ProjectSet | Seq Scan | Sort | Nested Loop | CTE Scan | Projector | Projector | Conjunction Scan | Text Search Scan | Index TID Probe,plans/q0976.json
q0977,enumeration,broad,clustered_0.1,10,full,False,,100000,79835,10000,8015,,100,130.08697899999999,133.7086881,135.67988241,117.596,0.48,117.413,10,10,10,0,108101,0,0,0,0,0,0,8000.0,,P3,Limit | ProjectSet | Seq Scan | Sort | Nested Loop | CTE Scan | Projector | Projector | Conjunction Scan | Text Search Scan | Index TID Probe,plans/q0977.json
q0978,enumeration,broad,clustered_0.05,10,full,False,,100000,79835,5000,3994,,100,72.569229,75.0401423,77.22837075000005,58.189,0.448,57.998,10,10,10,0,53975,0,0,0,0,0,0,4000.0,,P3,Limit | ProjectSet | Seq Scan | Sort | Nested Loop | CTE Scan | Projector | Projector | Conjunction Scan | Text Search Scan | Index TID Probe,plans/q0978.json
q0979,enumeration,broad,clustered_0.01,10,full,False,,100000,79835,1000,796,,100,27.2727085,29.594669399999997,32.59704241,11.806,0.645,11.652,10,10,10,0,10786,0,0,0,0,0,0,800.0,,P3,Limit | ProjectSet | Seq Scan | Sort | Nested Loop | CTE Scan | Projector | Projector | Conjunction Scan | Text Search Scan | Index TID Probe,plans/q0979.json
q0980,enumeration,broad,clustered_0.001,10,full,False,,100000,79835,100,80,,100,17.679603999999998,20.835221450000002,21.77105834000001,1.536,0.45,1.395,10,10,10,0,1088,0,0,0,0,0,0,80.0,,P3,Limit | ProjectSet | Seq Scan | Sort | Nested Loop | CTE Scan | Projector | Projector | Conjunction Scan | Text Search Scan | Index TID Probe,plans/q0980.json
q0981,enumeration,broad,clustered_0,10,full,False,,100000,79835,0,0,,100,15.9089165,18.3483497,20.956216430000005,0.153,0.522,0.021,0,0,0,0,1,0,0,0,0,0,0,0,,P3,Limit | ProjectSet | Seq Scan | Sort | Nested Loop | CTE Scan | Projector | Projector | Conjunction Scan | Text Search Scan | Index TID Probe,plans/q0981.json
q0982,enumeration,broad,clustered_1,100,full,False,,100000,79835,100000,79835,,100,1246.8201669999999,1331.2035497,1334.01828467,1263.998,0.479,1263.59,100,100,100,0,1401495,0,0,0,0,0,0,80000.0,,P3,Limit | ProjectSet | Seq Scan | Sort | Nested Loop | CTE Scan | Projector | Projector | Conjunction Scan | Text Search Scan | Index TID Probe,plans/q0982.json
q0983,enumeration,broad,clustered_0.75,100,full,False,,100000,79835,75000,59970,,100,940.3421040000001,1008.47815625,1037.1825729099999,951.016,0.424,950.611,100,100,100,0,1068743,0,0,0,0,0,0,60000.0,,P3,Limit | ProjectSet | Seq Scan | Sort | Nested Loop | CTE Scan | Projector | Projector | Conjunction Scan | Text Search Scan | Index TID Probe,plans/q0983.json
q0984,enumeration,broad,clustered_0.5,100,full,False,,100000,79835,50000,39914,,100,628.9053335,693.4990271,716.89004958,629.057,0.494,628.618,100,100,100,0,705993,0,0,0,0,0,0,40000.0,,P3,Limit | ProjectSet | Seq Scan | Sort | Nested Loop | CTE Scan | Projector | Projector | Conjunction Scan | Text Search Scan | Index TID Probe,plans/q0984.json
q0985,enumeration,broad,clustered_0.25,100,full,False,,100000,79835,25000,19993,,100,314.7023745,324.50711490000003,414.0482840800001,304.879,0.464,304.468,100,100,100,0,325272,0,0,0,0,0,0,20000.0,,P3,Limit | ProjectSet | Seq Scan | Sort | Nested Loop | CTE Scan | Projector | Projector | Conjunction Scan | Text Search Scan | Index TID Probe,plans/q0985.json
q0986,enumeration,broad,clustered_0.1,100,full,False,,100000,79835,10000,8015,,100,130.7282085,138.44935385,147.56410274000007,116.665,0.43,116.469,100,100,100,0,108101,0,0,0,0,0,0,8000.0,,P3,Limit | ProjectSet | Seq Scan | Sort | Nested Loop | CTE Scan | Projector | Projector | Conjunction Scan | Text Search Scan | Index TID Probe,plans/q0986.json
q0987,enumeration,broad,clustered_0.05,100,full,False,,100000,79835,5000,3994,,100,73.0278335,76.80664555,78.93134051000001,57.635,0.377,57.437,100,100,100,0,53975,0,0,0,0,0,0,4000.0,,P3,Limit | ProjectSet | Seq Scan | Sort | Nested Loop | CTE Scan | Projector | Projector | Conjunction Scan | Text Search Scan | Index TID Probe,plans/q0987.json
q0988,enumeration,broad,clustered_0.01,100,full,False,,100000,79835,1000,796,,100,27.401770499999998,31.1206857,33.17455033000011,11.879,0.43,11.736,100,100,100,0,10786,0,0,0,0,0,0,800.0,,P3,Limit | ProjectSet | Seq Scan | Sort | Nested Loop | CTE Scan | Projector | Projector | Conjunction Scan | Text Search Scan | Index TID Probe,plans/q0988.json
q0989,enumeration,broad,clustered_0.001,100,full,False,,100000,79835,100,80,,100,17.8717705,22.802897249999997,26.69221792000001,1.536,0.45,1.4,80,80,80,0,1088,0,0,0,0,0,0,80.0,,P3,Limit | ProjectSet | Seq Scan | Sort | Nested Loop | CTE Scan | Projector | Projector | Conjunction Scan | Text Search Scan | Index TID Probe,plans/q0989.json
q0990,enumeration,broad,clustered_0,100,full,False,,100000,79835,0,0,,100,15.553104,20.021070849999997,20.977421160000006,0.16,0.523,0.023,0,0,0,0,1,0,0,0,0,0,0,0,,P3,Limit | ProjectSet | Seq Scan | Sort | Nested Loop | CTE Scan | Projector | Projector | Conjunction Scan | Text Search Scan | Index TID Probe,plans/q0990.json
q0991,enumeration,broad,clustered_1,300,full,False,,100000,79835,100000,79835,,100,1247.845292,1310.7990750000001,1348.0923883300004,1259.73,0.473,1259.325,300,300,300,0,1401495,0,0,0,0,0,0,80000.0,,P3,Limit | ProjectSet | Seq Scan | Sort | Nested Loop | CTE Scan | Projector | Projector | Conjunction Scan | Text Search Scan | Index TID Probe,plans/q0991.json
q0992,enumeration,broad,clustered_0.75,300,full,False,,100000,79835,75000,59970,,100,942.6188125,962.9254451999999,1040.07373191,950.984,0.513,950.555,300,300,300,0,1068743,0,0,0,0,0,0,60000.0,,P3,Limit | ProjectSet | Seq Scan | Sort | Nested Loop | CTE Scan | Projector | Projector | Conjunction Scan | Text Search Scan | Index TID Probe,plans/q0992.json
q0993,enumeration,broad,clustered_0.5,300,full,False,,100000,79835,50000,39914,,100,627.553771,646.7977566,688.5754732500002,627.14,0.488,626.676,300,300,300,0,705993,0,0,0,0,0,0,40000.0,,P3,Limit | ProjectSet | Seq Scan | Sort | Nested Loop | CTE Scan | Projector | Projector | Conjunction Scan | Text Search Scan | Index TID Probe,plans/q0993.json
q0994,enumeration,broad,clustered_0.25,300,full,False,,100000,79835,25000,19993,,100,317.8199165,409.1930976,409.63863316,305.799,0.49,305.394,300,300,300,0,325272,0,0,0,0,0,0,20000.0,,P3,Limit | ProjectSet | Seq Scan | Sort | Nested Loop | CTE Scan | Projector | Projector | Conjunction Scan | Text Search Scan | Index TID Probe,plans/q0994.json
q0995,enumeration,broad,clustered_0.1,300,full,False,,100000,79835,10000,8015,,100,132.5372705,140.43075415,153.2086274100002,117.691,0.497,117.478,300,300,300,0,108101,0,0,0,0,0,0,8000.0,,P3,Limit | ProjectSet | Seq Scan | Sort | Nested Loop | CTE Scan | Projector | Projector | Conjunction Scan | Text Search Scan | Index TID Probe,plans/q0995.json
q0996,enumeration,broad,clustered_0.05,300,full,False,,100000,79835,5000,3994,,100,73.4409585,83.18687469999999,107.89944533000002,59.296,0.566,59.056,300,300,300,0,53975,0,0,0,0,0,0,4000.0,,P3,Limit | ProjectSet | Seq Scan | Sort | Nested Loop | CTE Scan | Projector | Projector | Conjunction Scan | Text Search Scan | Index TID Probe,plans/q0996.json
q0997,enumeration,broad,clustered_0.01,300,full,False,,100000,79835,1000,796,,100,29.638396,32.337203849999995,35.091181670000005,11.783,0.467,11.606,300,300,300,0,10786,0,0,0,0,0,0,800.0,,P3,Limit | ProjectSet | Seq Scan | Sort | Nested Loop | CTE Scan | Projector | Projector | Conjunction Scan | Text Search Scan | Index TID Probe,plans/q0997.json
q0998,enumeration,broad,clustered_0.001,300,full,False,,100000,79835,100,80,,100,17.894917,20.906625000000002,22.599741160000043,1.623,0.472,1.469,80,80,80,0,1088,0,0,0,0,0,0,80.0,,P3,Limit | ProjectSet | Seq Scan | Sort | Nested Loop | CTE Scan | Projector | Projector | Conjunction Scan | Text Search Scan | Index TID Probe,plans/q0998.json
q0999,enumeration,broad,clustered_0,300,full,False,,100000,79835,0,0,,100,15.908833,18.9074542,20.963332000000005,0.202,0.678,0.029,0,0,0,0,1,0,0,0,0,0,0,0,,P3,Limit | ProjectSet | Seq Scan | Sort | Nested Loop | CTE Scan | Projector | Projector | Conjunction Scan | Text Search Scan | Index TID Probe,plans/q0999.json
